Source Category Code,Source category name,Source subcategory,Source subcategory name,Agency code,Agency name,Bureau code,Bureau name,Account code,Account name,Treasury Agency code,On- or off-budget,1962,1963,1964,1965,1966,1967,1968,1969,1970,1971,1972,1973,1974,1975,1976,TQ,1977,1978,1979,1980,1981,1982,1983,1984,1985,1986,1987,1988,1989,1990,1991,1992,1993,1994,1995,1996,1997,1998,1999,2000,2001,2002,2003,2004,2005,2006,2007,2008,2009,2010,2011,2012,2013,2014,2015,2016,2017,2018,2019,2020
931,Individual Income Taxes,0,Individual Income Taxes,9,Department of Health and Human Services,0,Department of Health and Human Services,800415,"Supplemental Catastrophic Premium, Refunds, FSMI",20,On-budget,0,0,0,0,0,0,0,0,0,0,0,0,0,0,0,0,0,0,0,0,0,0,0,0,0,0,0,0,0,-566000,0,0,0,0,0,0,0,0,0,0,0,0,0,0,0,0,0,0,0,0,0,0,0,0,0,0,0,0,0,0
931,Individual Income Taxes,0,Individual Income Taxes,9,Department of Health and Human Services,0,Department of Health and Human Services,818210,FHICCR supplemental catastrophic premium,20,On-budget,0,0,0,0,0,0,0,0,0,0,0,0,0,0,0,0,0,0,0,0,0,0,0,0,0,0,0,0,527000,39000,0,0,0,0,0,0,0,0,0,0,0,0,0,0,0,0,0,0,0,0,0,0,0,0,0,0,0,0,0,0
931,Individual Income Taxes,0,Individual Income Taxes,15,Department of the Treasury,0,Department of the Treasury,551010,Private Collection Agent Program,20,On-budget,0,0,0,0,0,0,0,0,0,0,0,0,0,0,0,0,0,0,0,0,0,0,0,0,0,0,0,0,0,0,0,0,0,0,0,0,0,0,0,0,0,0,0,0,0,0,11000,13000,10000,0,0,0,0,0,0,0,0,0,0,0
931,Individual Income Taxes,0,Individual Income Taxes,901,Governmental Receipts,0,Governmental Receipts,11050,Individual Income Taxes,99,On-budget,45571090,47587746,48696942,48791672,55446121,61525756,68725513,87248949,90411787,86230010,94736616,103245521,118951631,122385980,131602555,38800969,157626065,180987774,217840966,244068898,285917100,297744492,288937814,298415430,334531018,348959411,392557016,401181069,445163230,467378818,467795124,475933931,509652473,542984997,590175000,656351000,737399000,828523000,879419000,1004401000,994281000,858278000,793644000,808903000,927169000,1043858000,1163411000,1145685000,915253000,898508000,1091433000,1132169000,1316370000,1394538000,1478026000,1645578000,1770297000,1886834000,1999750000,2118356000
931,Individual Income Taxes,0,Individual Income Taxes,901,Governmental Receipts,0,Governmental Receipts,508110,Presidential Election Campaign Fund,20,On-budget,0,0,0,0,0,0,0,0,0,0,0,0,0,0,0,0,0,0,0,0,0,0,0,0,0,0,0,0,0,32469,32319,29571,27643,69755,69000,66000,67000,63000,61000,61000,58000,67000,55000,56000,53000,50000,50000,49000,45000,41000,40000,37000,35000,30000,50000,50000,50000,50000,50000,50000
932,Corporation Income Taxes,0,Corporation Income Taxes,20,Environmental Protection Agency,0,Environmental Protection Agency,814515,"Corporation Income Taxes, Hazardous Substance Superfund",68,On-budget,0,0,0,0,0,0,0,0,0,0,0,0,0,0,0,0,0,0,0,0,0,0,0,0,0,0,196000,313000,292000,460955,591113,379954,885773,652695,612000,323000,4000,79000,10000,3000,4000,7000,-99000,1000,4000,1000,3000,0,1000,2000,0,0,0,0,0,996000,1257000,1282000,1305000,1315000
932,Corporation Income Taxes,5,Corporation Income Taxes,901,Governmental Receipts,0,Governmental Receipts,11100,Corporation Income and Excess Profits Taxes,99,On-budget,20522658,21578900,23492522,25460945,30073028,33971357,28664673,36677558,32829330,26784575,32165916,36152530,38619654,40621179,41408703,8460466,54892364,59951866,65676588,64599673,61137136,49206969,37021566,56892983,61330690,63143307,83729770,94195098,102999115,93045743,97494709,99890412,116634409,139732030,156392000,171501000,182289000,188598000,184670000,207286000,151071000,148037000,131877000,189370000,278278000,353914000,370240000,304346000,138228000,191435000,181085000,242289000,273506000,320731000,341688000,472308000,498506000,501745000,505901000,511220000
933,Social Insurance Taxes and Contributions,5,Employment Taxes and Contributions,9,Department of Health and Human Services,0,Department of Health and Human Services,800500,"FHI Trust Fund, Receipts",20,On-budget,0,0,0,0,893007,2644884,3492662,4398012,4755096,4874233,5204673,7603340,10551433,11251845,11987415,3456555,13473539,16667773,19874177,23216569,30339920,34301279,35641215,0,0,0,0,0,0,0,0,0,0,0,0,0,0,0,0,0,0,0,0,0,0,0,0,0,0,0,0,0,0,0,0,0,0,0,0,0
933,Social Insurance Taxes and Contributions,5,Employment Taxes and Contributions,9,Department of Health and Human Services,0,Department of Health and Human Services,800501,"FHI Trust Fund, Transfers from General Fund (FICA Taxes)",75,On-budget,0,0,0,0,0,0,0,0,0,0,0,0,0,0,0,0,0,0,0,0,0,0,0,34556795,38500530,43550277,50969256,56199570,61710313,64271999,67595245,73362137,76170466,83952176,88934000,97866000,103500000,110455000,123360000,125909000,139507000,138876000,136885000,139409000,154400000,165160000,171022000,178875000,175443000,165547000,175094000,186773000,192707000,205296000,214828000,225665000,238354000,251684000,264237000,275211000
933,Social Insurance Taxes and Contributions,5,Employment Taxes and Contributions,9,Department of Health and Human Services,0,Department of Health and Human Services,800510,"FHI Trust Fund, Receipts from Railroad Retirement Board",75,On-budget,0,0,0,0,0,0,0,0,0,0,0,0,0,0,0,0,0,0,0,0,0,0,0,308000,325700,321100,329900,332400,344600,332300,329000,336800,381000,394400,358000,362000,380000,381000,388000,418000,422000,388000,396000,391000,416000,440000,455000,494000,496000,507000,452000,484000,547000,581000,594000,608000,622000,641000,663000,683000
933,Social Insurance Taxes and Contributions,5,Employment Taxes and Contributions,9,Department of Health and Human Services,0,Department of Health and Human Services,800511,"FHI Trust Fund, Transfers from General Fund (SECA Taxes)",75,On-budget,0,0,0,0,0,0,0,0,0,0,0,0,0,0,0,0,0,0,0,0,0,0,0,1374353,1970507,2289342,2816435,3517029,3555662,4174590,5076640,5458929,4686680,5787879,6732000,6752000,6844000,9029000,8520000,9200000,9722000,9785000,9905000,10789000,11252000,11829000,13431000,14611000,14724000,14014000,12944000,13886000,16016000,18230000,18436000,18975000,19898000,20787000,21654000,22594000
933,Social Insurance Taxes and Contributions,5,Employment Taxes and Contributions,9,Department of Health and Human Services,0,Department of Health and Human Services,800515,"FHI Trust Fund, Refunds",20,On-budget,0,0,0,0,0,0,0,0,0,0,0,0,0,0,0,0,0,0,0,0,0,0,0,-80600,-128700,-145300,-112650,-147350,-217350,-215100,-160950,-53650,-13050,-72500,0,17000,3000,0,0,0,0,0,0,0,0,0,0,0,0,0,0,0,0,0,0,0,0,0,0,0
933,Social Insurance Taxes and Contributions,5,Employment Taxes and Contributions,9,Department of Health and Human Services,0,Department of Health and Human Services,800530,"FHI Trust Fund, Deposits by States",20,On-budget,0,0,0,0,0,0,0,0,0,0,0,0,0,0,0,0,0,0,0,0,0,0,0,4103027,4202470,5320057,1989450,-42181,2505,-7852,2448,3686,-1574,-82,0,0,-17000,-2000,0,2000,0,0,0,0,0,0,0,0,0,0,0,0,0,0,0,0,0,0,0,0
933,Social Insurance Taxes and Contributions,5,Employment Taxes and Contributions,16,Social Security Administration,0,Social Security Administration,800600,FOASI Trust Fund Receipts,20,Off-budget,11266775,13117150,15241969,15567196,17555805,22197001,22265430,25483737,29395673,31354230,35131725,40703177,47777693,55207357,58702724,15885856,68031819,73140785,83410010,96580697,117757123,122840445,128972498,0,0,0,0,0,0,0,0,0,0,0,0,0,0,0,0,0,0,0,0,0,0,0,0,0,0,0,0,0,0,0,0,0,0,0,0,0
933,Social Insurance Taxes and Contributions,5,Employment Taxes and Contributions,16,Social Security Administration,0,Social Security Administration,800610,"FOASI, Transfers from General Fund (FICA Taxes)",28,Off-budget,0,0,0,0,0,0,0,0,0,0,0,0,0,0,0,0,0,0,0,0,0,0,0,129089725,144925051,156134168,179409373,207880217,227788795,239800106,247682008,256690692,267837964,286552953,267275000,296322000,319524000,340188000,364423000,391732000,413845000,418018000,425990000,431974000,468676000,493550000,513674000,531595000,527708000,509647000,459124000,463203000,545045000,592138000,617192000,606746000,624472000,655293000,685774000,714121000
933,Social Insurance Taxes and Contributions,5,Employment Taxes and Contributions,16,Social Security Administration,0,Social Security Administration,800611,"FOASI, Transfers from General Fund (SECA Taxes)",28,Off-budget,0,0,0,0,0,0,0,0,0,0,0,0,0,0,0,0,0,0,0,0,0,0,0,6602072,7718383,8697652,10181337,12928600,13637596,16008397,18411709,17116925,14372018,16843366,16815000,16983000,18070000,20379000,20437000,21635000,22872000,23381000,23269000,25980000,27183000,28411000,31124000,33028000,33506000,31844000,26349000,25550000,32598000,38848000,39771000,38013000,38920000,40549000,42223000,44094000
933,Social Insurance Taxes and Contributions,5,Employment Taxes and Contributions,16,Social Security Administration,0,Social Security Administration,800615,"FOASI, Refunds",20,Off-budget,0,0,0,0,0,0,0,0,0,0,0,0,0,0,0,0,0,0,0,0,0,0,0,-296050,-472325,-539100,-374265,-511950,-790705,-790790,-603780,-677600,-466340,-744940,0,-1403000,-895000,-1778000,-1301000,-1695000,-2660000,-858000,-1453000,-834000,-2213000,-1892000,-1897000,-2104000,-2147000,-1495000,-1790000,-1970000,-2088000,-2194000,-2516000,-2688000,-2855000,-3062000,-3244000,-3383000
933,Social Insurance Taxes and Contributions,5,Employment Taxes and Contributions,16,Social Security Administration,0,Social Security Administration,800630,"FOASI, Deposits by States",20,Off-budget,0,0,0,0,0,0,0,0,0,0,0,0,0,0,0,0,0,0,0,0,0,0,0,14915794,17650901,18224806,5324577,39824,-41034,13050,12382,6417,-8578,-44528,1000,-33000,30000,-5000,0,5000,0,0,0,0,0,0,0,0,0,0,0,0,0,0,0,0,0,0,0,0
933,Social Insurance Taxes and Contributions,5,Employment Taxes and Contributions,16,Social Security Administration,0,Social Security Administration,800700,"FDI Trust Fund, Receipts",20,Off-budget,1003834,1057733,1123918,1155760,1529584,2204397,2651369,3469434,4063358,4490470,4774996,5380969,6147425,7250216,7686093,2130051,8785502,12250396,14583743,16628258,12418497,20626449,18347789,0,0,0,0,0,0,0,0,0,0,0,0,0,0,0,0,0,0,0,0,0,0,0,0,0,0,0,0,0,0,0,0,0,0,0,0,0
933,Social Insurance Taxes and Contributions,5,Employment Taxes and Contributions,16,Social Security Administration,0,Social Security Administration,800701,"FDI, Transfers from General Fund (FICA Taxes)",28,Off-budget,0,0,0,0,0,0,0,0,0,0,0,0,0,0,0,0,0,0,0,0,0,0,0,13450845,14030866,15026178,17250714,19949090,21836938,25092853,26482952,27516326,28705984,30696657,63408000,52736000,52381000,54076000,57891000,65401000,70240000,70969000,72333000,73359000,79586000,83809000,87227000,90272000,89617000,86540000,77935000,78712000,92540000,100544000,104799000,149941000,173109000,181613000,190038000,197889000
933,Social Insurance Taxes and Contributions,5,Employment Taxes and Contributions,16,Social Security Administration,0,Social Security Administration,800711,"FDI, Transfers from General Fund (SECA Taxes)",28,Off-budget,0,0,0,0,0,0,0,0,0,0,0,0,0,0,0,0,0,0,0,0,0,0,0,733020,779392,853488,989820,1244709,1309764,1611606,1968035,1845042,1544552,1802013,3580000,3146000,3044000,3233000,3224000,3772000,3669000,3963000,3949000,4411000,4616000,4825000,5283000,5612000,5690000,5405000,4474000,4341000,5534000,6601000,6751000,9409000,10817000,11269000,11733000,12253000
933,Social Insurance Taxes and Contributions,5,Employment Taxes and Contributions,16,Social Security Administration,0,Social Security Administration,800715,"FDI, Refunds",20,Off-budget,0,0,0,0,0,0,0,0,0,0,0,0,0,0,0,0,0,0,0,0,0,0,0,-38750,-48775,-52500,-28675,-48450,-76955,-75790,-66080,-73400,-51340,-79940,0,-259000,-158000,-293000,-206000,-270000,-447000,-152000,-246000,-145000,-372000,-321000,-322000,-357000,-365000,-254000,-304000,-335000,-355000,-372000,-427000,-456000,-485000,-520000,-551000,-574000
933,Social Insurance Taxes and Contributions,5,Employment Taxes and Contributions,16,Social Security Administration,0,Social Security Administration,800730,"FDI, Deposits by States",20,Off-budget,0,0,0,0,0,0,0,0,0,0,0,0,0,0,0,0,0,0,0,0,0,0,0,1618292,1586988,1883618,648515,8850,864,-4043,-2826,1360,-543,9,0,0,-6000,-1000,0,4000,0,0,0,0,0,0,0,0,0,0,0,0,0,0,0,0,0,0,0,0
933,Social Insurance Taxes and Contributions,5,Employment Taxes and Contributions,446,Railroad Retirement Board,0,Railroad Retirement Board,801015,"Refunds, Railroad Social Security Equivalent Benefit Account",60,On-budget,0,0,0,0,0,0,0,0,0,0,0,0,0,0,0,0,0,0,0,0,0,0,0,0,0,0,0,0,0,0,0,0,0,-14488,-10000,-27000,-5000,-12000,-3000,-3000,-4000,-4000,-4000,-2000,0,-1000,-1000,-7000,-1000,-1000,-1000,-3000,-32000,-8000,-3000,-3000,-3000,-3000,-3000,-3000
933,Social Insurance Taxes and Contributions,5,Employment Taxes and Contributions,446,Railroad Retirement Board,0,Railroad Retirement Board,801020,"Railroad Social Security Equivalent Benefit Account, Taxes",60,On-budget,0,0,0,0,0,0,0,0,0,0,0,0,0,0,0,0,0,0,0,0,0,0,0,0,1717085,1716262,1743503,1749107,1751141,1719310,1757073,1844687,1794822,1807957,1886000,1899000,1996000,2162000,1906000,2071000,2040000,2044000,2020000,2122000,2252000,2335000,2408000,2530000,2409000,2362000,2276000,2251000,2689000,2914000,2976000,3042000,3132000,3232000,3328000,3423000
933,Social Insurance Taxes and Contributions,5,Employment Taxes and Contributions,446,Railroad Retirement Board,0,Railroad Retirement Board,801021,"Railroad Social Security Equivalent Benefit Account, Receipts Transferred to Federal Hospital Insurance Trust Fund",60,On-budget,0,0,0,0,0,0,0,0,0,0,0,0,0,0,0,0,0,0,0,0,0,0,0,0,-325700,-321100,-329900,-332400,-344600,-332300,-329000,-336800,-381000,-394400,-358000,-362000,-380000,-381000,-388000,-418000,-422000,-388000,-396000,-391000,-416000,-440000,-455000,-494000,-496000,-507000,-452000,-484000,-547000,-581000,-594000,-608000,-622000,-641000,-663000,-683000
933,Social Insurance Taxes and Contributions,5,Employment Taxes and Contributions,446,Railroad Retirement Board,0,Railroad Retirement Board,801100,"Rail Industry Pension Fund, Receipts",60,On-budget,564264,571533,593477,635536,683458,776493,814327,884749,918833,980394,1008383,1188933,1411333,1489333,1525144,328310,1908494,1822006,2189887,2322877,2457238,2917475,2804784,0,0,0,0,0,0,0,0,0,0,0,0,0,0,0,0,0,0,0,0,0,0,0,0,0,0,0,0,0,0,0,0,0,0,0,0,0
933,Social Insurance Taxes and Contributions,5,Employment Taxes and Contributions,446,Railroad Retirement Board,0,Railroad Retirement Board,801115,"Refunds, Rail Industry Pension Fund",60,On-budget,0,0,0,0,0,0,0,0,0,0,0,0,0,0,0,0,0,0,0,0,0,0,0,-12980,-21174,-6837,-17888,-32148,-10474,-41574,7612,-4559,-10889,-28250,-19000,-36000,-7000,-15000,-4000,-4000,-5000,-4000,-5000,-2000,0,-1000,-1000,-5000,-1000,-1000,-1000,-3000,-31000,-8000,-3000,-3000,-3000,-3000,-3000,-3000
933,Social Insurance Taxes and Contributions,5,Employment Taxes and Contributions,446,Railroad Retirement Board,0,Railroad Retirement Board,801120,"Taxes, Rail Industry Pension Fund",60,On-budget,0,0,0,0,0,0,0,0,0,0,0,0,0,0,0,0,0,0,0,0,0,0,0,3524864,2066721,2043216,2114265,2247832,2290689,2227965,2268219,2353348,2265687,2263302,2366000,2330000,2343000,2480000,2542000,2615000,2595000,2505000,2338000,2299000,2284000,2339000,2310000,2409000,2302000,2286000,2416000,2522000,2822000,3040000,3197000,3271000,3367000,3473000,3575000,3675000
933,Social Insurance Taxes and Contributions,5,Employment Taxes and Contributions,446,Railroad Retirement Board,0,Railroad Retirement Board,801121,"Receipts Transferred to Federal Hospital Insurance Trust Fund, Rail Industry Pension Fund",60,On-budget,0,0,0,0,0,0,0,0,0,0,0,0,0,0,0,0,0,0,0,0,0,0,0,-308000,0,0,0,0,0,0,0,0,0,0,0,0,0,0,0,0,0,0,0,0,0,0,0,0,0,0,0,0,0,0,0,0,0,0,0,0
933,Social Insurance Taxes and Contributions,5,Employment Taxes and Contributions,446,Railroad Retirement Board,0,Railroad Retirement Board,801215,"Refunds, Supplemental Annuity Pension Fund",60,On-budget,0,0,0,0,0,0,0,0,0,0,0,0,0,0,0,0,0,0,0,0,0,0,0,0,0,0,0,0,0,0,0,0,0,-1699,-1000,-30000,0,-1000,0,0,0,0,0,0,0,0,0,0,0,0,0,0,0,0,0,0,0,0,0,0
933,Social Insurance Taxes and Contributions,5,Employment Taxes and Contributions,446,Railroad Retirement Board,0,Railroad Retirement Board,801220,"Supplemental Annuity Taxes, Supplemental Annuity Pension Fund",60,On-budget,0,0,0,0,0,0,0,0,0,0,0,0,0,0,0,0,0,0,0,0,0,0,0,117166,167951,66497,123943,110418,110528,105826,95023,100065,112522,89847,78000,98000,104000,119000,91000,77000,68000,24000,0,0,0,0,0,0,0,0,0,0,0,0,0,0,0,0,0,0
933,Social Insurance Taxes and Contributions,10,Unemployment Insurance,12,Department of Labor,0,Department of Labor,12100,Federal Unemployment Tax Act Taxes,20,On-budget,0,0,0,0,0,0,0,0,0,0,0,0,0,0,0,0,0,0,0,0,0,0,0,0,0,25,0,0,0,-4,0,0,967000,0,0,0,0,0,0,0,0,0,0,0,0,0,0,0,0,0,0,0,0,0,0,0,0,0,0,0
933,Social Insurance Taxes and Contributions,10,Unemployment Insurance,12,Department of Labor,0,Department of Labor,804200,"Unemployment Trust Fund, Receipts",20,On-budget,3336514,4111983,3996660,3802568,3755331,3575386,3345622,3328496,3464281,3673955,4356670,6051483,6836546,6770705,8053658,2697904,11311506,13849598,15386733,15335788,15762948,16600381,18799087,0,0,0,0,0,0,0,0,0,0,0,0,0,0,0,0,0,0,0,0,0,0,0,0,0,0,0,0,0,0,0,0,0,0,0,0,0
933,Social Insurance Taxes and Contributions,10,Unemployment Insurance,12,Department of Labor,0,Department of Labor,804201,"General Taxes, FUTA, Unemployment Trust Fund",16,On-budget,0,0,0,0,0,0,0,0,0,0,0,0,0,0,0,0,0,0,0,0,0,0,0,5899083,5554314,5043601,6080272,5920386,4455583,5356169,5328015,5608059,4470280,5460444,5696000,5854000,6103000,6369000,6475000,6871000,6937000,6613000,6520000,6718000,6829000,7394000,7292000,7216000,6658000,6444000,6799000,7059000,7748000,8471000,8490000,9577000,9506000,9647000,7960000,8341000
933,Social Insurance Taxes and Contributions,10,Unemployment Insurance,12,Department of Labor,0,Department of Labor,804230,"Unemployment Trust Fund, State Accounts, Deposits by States",16,On-budget,0,0,0,0,0,0,0,0,0,0,0,0,0,0,0,0,0,0,0,0,0,0,0,19036353,19968720,18832483,19133514,18310383,17292022,15967350,15296144,17604970,20966474,22484227,23158000,22706000,22071000,21047000,19894000,20701000,20824000,20911000,26702000,32605000,35076000,35938000,33709000,32217000,31138000,38281000,49269000,59378000,48952000,46450000,47786000,46554000,50708000,50013000,48809000,49388000
933,Social Insurance Taxes and Contributions,10,Unemployment Insurance,12,Department of Labor,0,Department of Labor,804250,"Unemployment Trust Fund, Deposits by Railroad Retirement Board",16,On-budget,0,0,0,0,0,0,0,0,0,0,0,0,0,0,0,0,0,0,0,0,0,0,0,202316,235135,221421,204479,195419,201008,199264,184574,136152,64107,27149,24000,24000,28000,68000,111000,68000,51000,95000,144000,130000,97000,88000,90000,94000,93000,98000,173000,210000,111000,36000,75000,129000,148000,141000,117000,110000
933,Social Insurance Taxes and Contributions,10,Unemployment Insurance,446,Railroad Retirement Board,0,Railroad Retirement Board,801196,"Railroad Unemployment Insurance Debt Repayment Taxes, Rail Industry Pension Fund",60,On-budget,0,0,0,0,0,0,0,0,0,0,0,0,0,0,0,0,0,0,0,0,0,0,0,0,0,0,156739,157635,62772,112441,113316,60771,88520,32645,0,0,0,0,0,0,0,0,0,0,0,0,0,0,0,0,0,0,0,0,0,0,0,0,0,0
933,Social Insurance Taxes and Contributions,15,Other Retirement Contributions,1,Legislative Branch,40,United States Tax Court,811510,"Tax Court Judges Survivors Annuity, Deductions from Employees Salaries",23,On-budget,0,0,0,0,0,0,0,0,0,0,0,0,0,0,0,0,0,0,0,0,0,0,0,67,47,71,101,101,81,83,102,111,116,121,0,0,0,0,0,0,0,0,0,0,0,0,0,0,0,0,0,0,0,0,0,0,0,0,0,0
933,Social Insurance Taxes and Contributions,15,Other Retirement Contributions,2,Judicial Branch,0,Judicial Branch,811010,"Judicial Survivors Annuity, Deductions from Employees Salaries",10,On-budget,0,0,0,0,0,0,0,0,0,0,0,0,0,0,0,0,0,0,0,0,0,0,0,2302,2370,2199,2851,2615,3106,3278,7361,4295,4121,3717,4000,4000,4000,4000,4000,4000,5000,5000,5000,5000,6000,6000,5000,8000,7000,8000,8000,8000,7000,9000,8000,8000,9000,9000,9000,10000
933,Social Insurance Taxes and Contributions,15,Other Retirement Contributions,2,Judicial Branch,0,Judicial Branch,812210,"Deductions from Employee Salaries and Voluntary Contributions, Judicial Officers' Annuity",10,On-budget,0,0,0,0,0,0,0,0,0,0,0,0,0,0,0,0,0,0,0,0,0,0,0,0,0,0,0,0,45,430,306,366,372,378,0,1000,0,0,0,0,0,0,0,0,0,0,0,3000,2000,1000,1000,2000,2000,2000,1000,2000,2000,2000,2000,2000
933,Social Insurance Taxes and Contributions,15,Other Retirement Contributions,14,Department of State,0,Department of State,818610,"Deductions from Employees Salaries, Foreign Service Retirement and Disability Fund",19,On-budget,0,0,0,0,0,0,0,0,0,0,0,0,0,0,0,0,0,0,0,0,0,0,0,37278,38969,40500,47730,32813,33322,30744,31009,32470,33448,23981,30000,30000,28000,26000,28000,26000,25000,24000,25000,26000,25000,24000,24000,23000,24000,26000,27000,27000,27000,27000,27000,28000,28000,29000,29000,30000
933,Social Insurance Taxes and Contributions,15,Other Retirement Contributions,14,Department of State,0,Department of State,818630,"Voluntary contributions, donations, service credit payments, etc., Foreign Service retirement and disability fund",19,On-budget,0,0,0,0,0,0,0,0,0,0,0,0,0,0,0,0,0,0,0,0,0,0,0,300,409,528,621,304,374,375,376,378,828,462,0,0,0,0,0,0,0,0,0,0,0,0,0,0,0,0,0,0,0,0,0,0,0,0,0,0
933,Social Insurance Taxes and Contributions,15,Other Retirement Contributions,27,Office of Personnel Management,0,Office of Personnel Management,813510,"Employee Contributions, Civil Service Retirement and Disability Fund",24,On-budget,0,0,0,0,0,0,0,0,0,0,0,0,0,0,0,0,0,0,0,0,0,0,0,4395304,4553015,4500365,4437932,4411289,4304850,4281896,4317053,4498348,4467860,4370730,4274000,4211000,4168000,4087000,4213000,4506000,4157000,3998000,4004000,3963000,3818000,3715000,3589000,3501000,3459000,3373000,3310000,3012000,2817000,2757000,2975000,3091000,3558000,3830000,4131000,4465000
933,Social Insurance Taxes and Contributions,15,Other Retirement Contributions,27,Office of Personnel Management,0,Office of Personnel Management,813521,"District of Columbia Contributions, Civil Service Retirement and Disability Fund",24,On-budget,12454,13320,14563,16340,17640,18684,19867,24291,29289,36534,38833,41033,44925,52434,54231,13323,58923,62324,66042,59228,76148,71887,77669,85844,87374,96282,101685,121876,118597,116596,108242,105219,95826,98254,89000,80000,74000,74000,73000,70000,66000,61000,53000,51000,50000,50000,51000,44000,38000,35000,30000,28000,26000,26000,25000,23000,22000,22000,22000,21000
933,Social Insurance Taxes and Contributions,15,Other Retirement Contributions,27,Office of Personnel Management,0,Office of Personnel Management,813530,"Employee Deposits, Redeposits and Other Contributions, Civil Service Retirement and Disability Fund",24,On-budget,0,0,0,0,0,0,0,0,0,0,0,0,0,0,0,0,0,0,0,0,0,0,0,59206,76702,101692,124028,89434,85777,88166,98093,127698,182904,145260,135000,126000,127000,126000,135000,131000,436000,477000,518000,519000,535000,535000,565000,566000,586000,608000,651000,655000,677000,643000,616000,594000,576000,562000,550000,540000
933,Social Insurance Taxes and Contributions,15,Other Retirement Contributions,200,Other Defense Civil Programs,20,Armed Forces Retirement Home,852210,"Deductions, Armed Forces Retirement Home",97,On-budget,0,0,0,0,0,0,0,0,0,0,0,0,0,0,0,0,0,0,0,0,0,0,0,0,0,0,0,0,0,0,5031,19204,19105,18039,18000,17000,17000,16000,19000,23000,23000,28000,25000,29000,24000,27000,23000,23000,26000,45000,7000,7000,7000,7000,7000,7000,7000,7000,7000,7000
933,Social Insurance Taxes and Contributions,15,Other Retirement Contributions,345,United States Court of Appeals for Veterans Claims,0,United States Court of Appeals for Veterans Claims,829010,"Employees Contributions, Court of Veterans Appeals Retirement Fund, LVE",95,On-budget,0,0,0,0,0,0,0,0,0,0,0,0,0,0,0,0,0,0,0,0,0,0,0,0,0,0,0,0,0,0,3,9,7,7,0,0,0,0,0,0,0,0,0,0,0,0,0,0,0,0,0,0,0,0,0,0,0,0,0,0
933,Social Insurance Taxes and Contributions,15,Other Retirement Contributions,349,District of Columbia,10,District of Columbia Courts,821210,"Deductions from Employees Salaries, District of Columbia Judicial Retirement and Survivors Annuity Fund",20,On-budget,0,0,0,0,0,0,0,0,0,0,0,0,0,0,0,0,0,0,0,0,0,0,0,0,0,0,0,0,0,0,0,0,0,0,0,0,0,0,1000,1000,1000,1000,1000,1000,1000,1000,1000,1000,1000,1000,1000,1000,1000,1000,1000,1000,1000,1000,1000,1000
933,Social Insurance Taxes and Contributions,15,Other Retirement Contributions,901,Governmental Receipts,15,Other Retirement Contributions,810000,"Employees retirement, employee contributions",99,On-budget,862583,932582,992264,1064395,1110925,1202051,1334082,1426221,1735365,1915586,2058437,2146408,2302047,2512548,2760167,707135,2915102,3174263,3428322,3659505,3908270,4139862,4351040,0,0,0,0,0,0,0,0,0,0,0,0,0,0,0,0,0,0,0,0,0,0,0,0,0,0,0,0,0,0,0,0,0,0,0,0,0
934,Excise Taxes,0,Excise Taxes,24,Department of Homeland Security,0,Department of Homeland Security,814710,"Excise Taxes, Boat Safety, Aquatic Resources Trust Fund",70,On-budget,0,0,0,0,0,0,0,0,0,0,0,0,0,0,0,0,0,0,0,0,0,0,0,12500,2323,10888,45697,45516,60000,60000,60968,70000,63702,62436,62000,38000,22000,31000,26000,0,0,0,0,0,0,0,0,0,0,0,0,0,0,0,0,0,0,0,0,0
934,Excise Taxes,0,Excise Taxes,24,Department of Homeland Security,0,Department of Homeland Security,814720,"Excise Taxes, Sport Fish Restoration, Aquatic Resources Trust Fund",70,On-budget,0,0,0,0,0,0,0,0,0,0,0,0,0,0,0,0,0,0,0,0,0,0,0,0,124173,154371,148185,162000,127105,158172,198574,201497,212507,238132,244000,277000,294000,259000,348000,342000,358000,386000,392000,416000,429000,519000,581000,595000,576000,580000,593000,614000,539000,569000,534000,537000,541000,545000,549000,553000
934,Excise Taxes,0,Excise Taxes,24,Department of Homeland Security,0,Department of Homeland Security,818510,"Excise Taxes, Oil Spill Liability Trust Fund",20,On-budget,0,0,0,0,0,0,0,0,0,0,0,0,0,0,0,0,0,0,0,0,0,0,0,0,0,0,0,0,0,143190,253934,295195,229263,48082,92000,1000,1000,0,0,0,0,0,0,0,0,54000,452000,333000,447000,476000,501000,497000,410000,436000,501000,643000,750000,770000,772000,779000
934,Excise Taxes,0,Excise Taxes,24,Department of Homeland Security,0,Department of Homeland Security,818550,Transfer from the Trans-Alaska Pipeline Liability Fund,70,On-budget,0,0,0,0,0,0,0,0,0,0,0,0,0,0,0,0,0,0,0,0,0,0,0,0,0,0,0,0,0,0,0,0,0,0,119000,33000,0,0,0,182000,0,0,0,0,0,0,0,0,0,0,0,0,0,0,0,0,0,0,0,0
934,Excise Taxes,5,Federal Fund Excise Taxes,10,Department of the Interior,0,Department of the Interior,502930,"Excise Taxes, Federal Aid to Wildlife Restoration Fund",14,On-budget,0,0,0,0,0,0,0,0,0,0,0,0,0,0,0,0,0,0,0,0,0,0,0,0,0,0,0,0,0,151783,160558,165027,191756,223652,217000,180000,168000,183000,207000,215000,198000,224000,214000,239000,251000,278000,322000,349000,485000,397000,384000,556000,813000,824000,539000,493000,496000,506000,528000,551000
934,Excise Taxes,5,Federal Fund Excise Taxes,15,Department of the Treasury,0,Department of the Treasury,309200,Recovery from Highway Trust Fund for Refunds of Taxes,20,On-budget,0,0,0,0,0,0,0,0,0,0,0,0,0,0,0,0,0,0,0,0,0,0,0,141920,427682,209623,126886,292262,566854,701202,350873,552399,281901,762404,917000,664000,798000,804000,1134000,1014000,995000,1195000,1150000,1126000,1121000,899000,1040000,1057000,1046000,569000,0,0,0,0,0,0,0,0,0,0
934,Excise Taxes,5,Federal Fund Excise Taxes,15,Department of the Treasury,0,Department of the Treasury,309400,Recovery from Airport and Airway Trust Fund for Refunds of Taxes,20,On-budget,0,0,0,0,0,0,0,0,0,0,0,0,0,0,0,0,0,0,0,0,0,0,0,1791,4341,7524,6317,6105,730311,17863,9666,14590,14527,25852,37000,36000,37000,43000,4000,46000,53000,60000,45000,55000,101000,118000,67000,56000,110000,19000,18000,22000,18000,16000,17000,19000,19000,19000,19000,19000
934,Excise Taxes,5,Federal Fund Excise Taxes,15,Department of the Treasury,0,Department of the Treasury,309500,"Recovery from Leaking Underground Storage Tank Trust Fund for Refunds of Taxes, EPA",20,On-budget,0,0,0,0,0,0,0,0,0,0,0,0,0,0,0,0,0,0,0,0,0,0,0,0,0,0,0,12,2251,1754,550,1645,0,0,0,0,2000,3000,4000,7000,3000,6000,6000,4000,5000,3000,2000,0,0,0,0,0,0,0,6000,6000,6000,6000,6000,6000
934,Excise Taxes,5,Federal Fund Excise Taxes,15,Department of the Treasury,0,Department of the Treasury,500530,"Land and Water Conservation Fund, Motorboat Fuels Tax",20,On-budget,0,0,0,0,0,0,0,0,0,0,0,0,0,0,0,0,0,0,0,0,0,0,0,56241,1000,1000,1000,1000,1000,1000,1000,1000,1000,1000,1000,1000,1000,1000,1000,1000,1000,1000,1000,1000,1000,1000,1000,1000,1000,1000,1000,1000,1000,1000,1000,1000,1000,1000,1000,1000
934,Excise Taxes,5,Federal Fund Excise Taxes,15,Department of the Treasury,0,Department of the Treasury,502930,"Excise Taxes, Federal Aid to Wildlife Restoration Fund, Interior",20,On-budget,0,0,0,0,0,0,0,0,0,0,0,0,0,0,0,0,0,0,0,0,0,0,0,85872,120829,109688,115089,126534,146495,0,0,0,0,0,0,0,0,0,0,0,0,0,0,0,0,0,0,0,0,0,0,0,0,0,0,0,0,0,0,0
934,Excise Taxes,5,Federal Fund Excise Taxes,15,Department of the Treasury,0,Department of the Treasury,513800,"Tax on Fishing Rods, Creels, Reels, Artificial Lures, Baits and Flies",20,On-budget,0,0,0,0,0,0,0,0,0,0,0,0,0,0,0,0,0,0,0,0,0,0,0,38086,9663,-184,1118,0,0,0,-10596,-2,0,0,0,0,0,0,0,0,0,0,0,0,0,0,0,0,0,0,0,0,0,0,0,0,0,0,0,0
934,Excise Taxes,5,Federal Fund Excise Taxes,15,Department of the Treasury,0,Department of the Treasury,573710,"Deposits, Internal Revenue Collections for Puerto Rico",20,On-budget,0,0,0,0,0,0,0,0,0,0,0,0,0,0,0,0,0,0,0,0,0,0,0,370137,327420,204593,185044,257478,272121,277052,272016,270810,197472,200670,206000,221000,205000,230000,235000,297000,334000,341000,357000,336000,421000,360000,462000,373000,473000,378000,452000,376000,349000,303000,391000,344000,314000,323000,335000,349000
934,Excise Taxes,5,Federal Fund Excise Taxes,21,Department of Transportation,0,Department of Transportation,542210,"Aviation User Fees, Overflight Fees",69,On-budget,0,0,0,0,0,0,0,0,0,0,0,0,0,0,0,0,0,0,0,0,0,0,0,0,0,0,0,0,0,0,0,0,0,0,0,0,0,28000,0,0,30000,28000,20000,0,51000,49000,49000,53000,0,0,0,0,0,0,0,0,0,0,0,0
934,Excise Taxes,5,Federal Fund Excise Taxes,21,Department of Transportation,0,Department of Transportation,542240,"Aviation User Fees, Overflight Fees",69,On-budget,0,0,0,0,0,0,0,0,0,0,0,0,0,0,0,0,0,0,0,0,0,0,0,0,0,0,0,0,0,0,0,0,0,0,0,0,0,0,0,0,0,0,0,0,0,0,0,0,57000,51000,56000,64000,68000,85000,97000,100000,101000,102000,103000,104000
934,Excise Taxes,5,Federal Fund Excise Taxes,901,Governmental Receipts,0,Governmental Receipts,15250,Other Federal Fund Excise Taxes,99,On-budget,0,0,0,0,0,0,0,0,0,0,0,0,0,0,0,0,0,0,0,0,0,0,0,669399,-629675,513319,1153017,2566732,-1402239,1309279,-1015222,475559,2863680,3093477,-432000,-692000,1710000,1904000,-1217000,-863000,701000,-519000,-524000,-604000,-712000,2047000,-1655000,994000,-1853000,489000,-371000,-1884000,3258000,476000,1388000,1426000,1464000,1487000,1515000,1547000
934,Excise Taxes,5,Federal Fund Excise Taxes,901,Governmental Receipts,0,Governmental Receipts,15256,Other Federal Fund excise taxes,99,On-budget,4295084,4474275,4664346,5080637,3358411,3221332,3390707,4002316,3612755,3609244,2296680,2522248,2060248,1850152,2809502,618737,1959548,2117650,1785266,585234,2688918,2343798,2257797,0,0,0,0,0,0,0,0,0,0,0,0,0,0,0,0,0,0,0,0,0,0,0,0,0,0,0,0,0,0,0,0,0,0,0,0,0
934,Excise Taxes,5,Federal Fund Excise Taxes,901,Governmental Receipts,0,Governmental Receipts,15400,Windfall profit tax,99,On-budget,0,0,0,0,0,0,0,0,0,0,0,0,0,0,0,0,0,0,0,6934000,23252000,18407000,12135000,8906000,6348000,2251000,0,0,0,0,0,0,0,0,0,0,0,0,0,0,0,0,0,0,0,0,0,0,0,0,0,0,0,0,0,0,0,0,0,0
934,Excise Taxes,5,Federal Fund Excise Taxes,901,Governmental Receipts,0,Governmental Receipts,15500,Tobacco Excise Tax,99,On-budget,2022138,2075115,2048470,2141866,2066371,2076794,2120838,2136001,2092852,2205019,2205171,2274000,2435000,2312000,2484000,622000,2393000,2444000,2492000,2443000,2581000,2537000,4136000,4660000,4779000,4589000,4763000,4616000,4378000,4081000,4706000,5049000,5875000,5691000,5878000,5795000,5873000,5657000,5400000,7221000,7396000,8274000,7934000,7926000,7920000,7710000,7556000,7639000,12841000,17160000,16685000,16351000,15083000,15562000,15257000,26313000,29344000,29019000,28903000,28291000
934,Excise Taxes,5,Federal Fund Excise Taxes,901,Governmental Receipts,0,Governmental Receipts,15600,Alcohol Excise Tax,99,On-budget,3268218,3366030,3498619,3688846,3719958,3979961,4188614,4446763,4646256,4695595,5003976,5040000,5248000,5238000,5318000,1279000,5295000,5492000,5531000,5601000,5606000,5382000,5557000,5315000,5562000,5828000,5971000,5709000,5661000,5695000,7364000,8011000,7583000,7539000,7216000,7220000,7257000,7215000,7386000,8140000,7624000,7764000,7893000,8105000,8111000,8484000,8648000,9283000,9903000,9229000,9294000,9765000,9253000,9815000,9589000,10030000,10332000,10547000,10764000,10989000
934,Excise Taxes,5,Federal Fund Excise Taxes,901,Governmental Receipts,0,Governmental Receipts,15700,Telephone Excise Tax,99,On-budget,0,0,0,0,0,0,0,0,0,0,0,0,0,0,0,0,0,0,0,0,0,0,0,2035000,2147000,2339000,2522000,2610000,2791000,2995000,3094000,3146000,3320000,3526000,3794000,4234000,4543000,4910000,5185000,5670000,5769000,5829000,5788000,5997000,6047000,4897000,-2125000,1048000,1115000,993000,930000,757000,733000,611000,586000,131000,0,0,0,0
934,Excise Taxes,5,Federal Fund Excise Taxes,901,Governmental Receipts,0,Governmental Receipts,15800,Transportation Fuels Tax,20,On-budget,0,0,0,0,0,0,0,0,0,0,0,0,0,0,0,0,0,0,0,0,0,0,0,0,0,0,0,0,0,0,2780000,3512000,3340000,9402000,8491000,7468000,7107000,589000,849000,819000,1150000,814000,920000,1381000,-770000,-2386000,-3291000,-5127000,-10324000,-11030000,-8644000,-5751000,-2681000,-3509000,-3398000,-1015000,-1023000,-1026000,-1027000,-1027000
934,Excise Taxes,5,Federal Fund Excise Taxes,901,Governmental Receipts,0,Governmental Receipts,15911,Excise Tax on High Cost Employer-Sponsored Plans,99,On-budget,0,0,0,0,0,0,0,0,0,0,0,0,0,0,0,0,0,0,0,0,0,0,0,0,0,0,0,0,0,0,0,0,0,0,0,0,0,0,0,0,0,0,0,0,0,0,0,0,0,0,0,0,0,0,0,0,0,736000,2638000,3412000
934,Excise Taxes,5,Federal Fund Excise Taxes,901,Governmental Receipts,0,Governmental Receipts,15913,Fee on Health Insurance Providers,99,On-budget,0,0,0,0,0,0,0,0,0,0,0,0,0,0,0,0,0,0,0,0,0,0,0,0,0,0,0,0,0,0,0,0,0,0,0,0,0,0,0,0,0,0,0,0,0,0,0,0,0,0,0,0,0,7987000,11125000,11299000,13898000,14300000,15076000,15873000
934,Excise Taxes,5,Federal Fund Excise Taxes,901,Governmental Receipts,0,Governmental Receipts,15914,Tax on Indoor Tanning Services,99,On-budget,0,0,0,0,0,0,0,0,0,0,0,0,0,0,0,0,0,0,0,0,0,0,0,0,0,0,0,0,0,0,0,0,0,0,0,0,0,0,0,0,0,0,0,0,0,0,0,0,0,0,99000,102000,92000,92000,95000,99000,103000,106000,109000,112000
934,Excise Taxes,5,Federal Fund Excise Taxes,901,Governmental Receipts,0,Governmental Receipts,15915,Excise Tax on Medical Device Manufacturers,99,On-budget,0,0,0,0,0,0,0,0,0,0,0,0,0,0,0,0,0,0,0,0,0,0,0,0,0,0,0,0,0,0,0,0,0,0,0,0,0,0,0,0,0,0,0,0,0,0,0,0,0,0,0,0,1343000,1977000,2068000,2097000,2168000,2310000,2445000,2603000
934,Excise Taxes,5,Federal Fund Excise Taxes,901,Governmental Receipts,0,Governmental Receipts,89400,Ozone Depleting Chemicals Tax,99,On-budget,0,0,0,0,0,0,0,0,0,0,0,0,0,0,0,0,0,0,0,0,0,0,0,0,0,0,0,0,0,360000,562000,637000,854000,761000,616000,320000,130000,98000,105000,125000,32000,0,0,0,0,0,0,0,0,0,0,0,0,0,0,0,0,0,0,0
934,Excise Taxes,10,Trust Fund Excise Taxes,5,Department of Agriculture,0,Department of Agriculture,816110,"Excise Taxes for Tobacco Assessments, Tobacco Trust Fund",12,On-budget,0,0,0,0,0,0,0,0,0,0,0,0,0,0,0,0,0,0,0,0,0,0,0,0,0,0,0,0,0,0,0,0,0,0,0,0,0,0,0,0,0,0,0,0,899000,891000,934000,1140000,951000,937000,932000,939000,947000,1140000,278000,0,0,0,0,0
934,Excise Taxes,10,Trust Fund Excise Taxes,9,Department of Health and Human Services,0,Department of Health and Human Services,800408,"Fee on Branded Prescription Pharmaceutical Manufacturers and Importers, SMI",75,On-budget,0,0,0,0,0,0,0,0,0,0,0,0,0,0,0,0,0,0,0,0,0,0,0,0,0,0,0,0,0,0,0,0,0,0,0,0,0,0,0,0,0,0,0,0,0,0,0,0,0,0,1876000,2808000,3216000,3209000,2940000,3000000,3980000,4098000,2826000,2800000
934,Excise Taxes,10,Trust Fund Excise Taxes,9,Department of Health and Human Services,0,Department of Health and Human Services,817510,"Deposits, Vaccine Injury Compensation Trust Fund",75,On-budget,0,0,0,0,0,0,0,0,0,0,0,0,0,0,0,0,0,0,0,0,0,0,0,0,0,0,0,74038,98719,158551,80884,117788,37868,179346,138000,115000,123000,116000,130000,133000,112000,109000,138000,142000,123000,184000,241000,251000,235000,218000,278000,254000,204000,243000,242000,250000,255000,262000,270000,277000
934,Excise Taxes,10,Trust Fund Excise Taxes,12,Department of Labor,0,Department of Labor,814410,"Transfer from General Fund, Black Lung Benefits Revenue Act Taxes",16,On-budget,0,0,0,0,0,0,0,0,0,0,0,0,0,0,0,0,0,92050,221614,272262,236635,490746,493685,518464,581390,547251,572295,594475,563445,665348,651863,626335,633697,567057,608000,614000,614000,636000,596000,518000,522000,567000,506000,566000,610000,607000,639000,653000,645000,595000,623000,629000,531000,579000,568000,551000,558000,577000,363000,270000
934,Excise Taxes,10,Trust Fund Excise Taxes,20,Environmental Protection Agency,0,Environmental Protection Agency,814510,"Excise Taxes, Hazardous Substance Superfund",68,On-budget,0,0,0,0,0,0,0,0,0,0,0,0,0,0,0,0,0,0,0,0,127900,243994,230225,261235,273144,14828,634537,698461,882957,817810,809625,817508,825632,806769,867000,313000,71000,0,11000,2000,2000,0,0,0,0,0,0,0,0,0,0,0,0,0,0,787000,1055000,1064000,1073000,1082000
934,Excise Taxes,10,Trust Fund Excise Taxes,20,Environmental Protection Agency,0,Environmental Protection Agency,814610,"Post-closure liability trust fund, Transfer from General fund",68,On-budget,0,0,0,0,0,0,0,0,0,0,0,0,0,0,0,0,0,0,0,0,0,0,0,9315,6744,-380,-1272,-8597,-693,-1180,0,0,0,0,0,0,0,0,0,0,0,0,0,0,0,0,0,0,0,0,0,0,0,0,0,0,0,0,0,0
934,Excise Taxes,10,Trust Fund Excise Taxes,20,Environmental Protection Agency,0,Environmental Protection Agency,815310,"Transfer from the General Fund Amounts Equivalent to Taxes, Leaking Underground Storage Tank Trust Fund",68,On-budget,0,0,0,0,0,0,0,0,0,0,0,0,0,0,0,0,0,0,0,0,0,0,0,0,0,0,73000,125310,168105,122072,122626,156870,153309,151502,165000,48000,-2000,136000,216000,184000,179000,181000,184000,189000,189000,197000,226000,171000,169000,169000,152000,170000,162000,173000,205000,208000,207000,206000,204000,204000
934,Excise Taxes,10,Trust Fund Excise Taxes,21,Department of Transportation,0,Department of Transportation,810210,"Transportation Trust Fund, Deposits (Highway Account)",69,On-budget,2948690,3278698,3519156,3658509,3916803,4440862,4378886,4637176,5353627,5541556,5322423,5665454,6260309,6188173,5413150,1676061,6709231,6904434,7188812,6619826,6304926,6743679,8296660,11742624,13014954,13362851,13032356,14113857,15627878,13867327,16978686,16733412,18038510,16667738,22611000,24651000,20669000,23141000,33821000,30347000,26916000,27982000,28964000,29785000,32908000,33685000,34308000,31342000,30152000,30120000,31923000,35112000,31762000,34033000,34381000,34689000,34952000,35067000,35122000,35231000
934,Excise Taxes,10,Trust Fund Excise Taxes,21,Department of Transportation,0,Department of Transportation,810211,"Transportation Trust Fund, Deposits (Mass Transit Account)",69,On-budget,0,0,0,0,0,0,0,0,0,0,0,0,0,0,0,0,0,0,0,0,0,0,0,0,0,0,0,0,0,0,0,0,0,0,0,0,3198000,3487000,5478000,4625000,4553000,4621000,4762000,4926000,4984000,4857000,5053000,5043000,4809000,4872000,4983000,5057000,4700000,5016000,4880000,4866000,4852000,4815000,4766000,4720000
934,Excise Taxes,10,Trust Fund Excise Taxes,21,Department of Transportation,0,Department of Transportation,810310,"Excise Taxes, Airport and Airway Trust Fund",69,On-budget,0,0,0,0,0,0,0,0,0,562823,648652,758159,840110,962360,937930,276900,1190936,1326050,1526261,1873834,21365,132622,2164850,2499313,2851338,2735871,3059871,3188631,3664465,3700161,4909632,4644983,3261785,5189266,5534000,2369000,4007000,8111000,10391000,9739000,9191000,9031000,8684000,9174000,10314000,10426000,11468000,11992000,10569000,10612000,11532000,12532000,12854000,13513000,13138000,14699000,15391000,15987000,16407000,17001000
934,Excise Taxes,10,Trust Fund Excise Taxes,202,Corps of Engineers--Civil Works,0,Corps of Engineers--Civil Works,886110,"Transfer from General Fund, Inland Waterways Revenue Act Taxes",96,On-budget,0,0,0,0,0,0,0,0,0,0,0,0,0,0,0,0,0,0,0,0,20399,29925,28846,38530,40357,40302,48334,48054,47020,62820,60483,69866,78615,88416,103000,108000,96000,91000,104000,101000,113000,95000,90000,91000,91000,81000,91000,88000,76000,74000,84000,90000,75000,82000,97000,110000,110000,109000,108000,108000
934,Excise Taxes,10,Trust Fund Excise Taxes,579,Patient-Centered Outcomes Research Trust Fund,0,Patient-Centered Outcomes Research Trust Fund,829910,"Fees on Health Insurance and Self-insured Health Plans, PCORTF",95,On-budget,0,0,0,0,0,0,0,0,0,0,0,0,0,0,0,0,0,0,0,0,0,0,0,0,0,0,0,0,0,0,0,0,0,0,0,0,0,0,0,0,0,0,0,0,0,0,0,0,0,0,0,0,277000,135000,373000,401000,422000,443000,471000,499000
935,Estate and Gift Taxes,0,Estate and Gift Taxes,901,Governmental Receipts,0,Governmental Receipts,15300,Estate and Gift Taxes,99,On-budget,2016370,2167265,2393599,2716163,3066317,2978311,3050696,3490854,3644421,3735077,5435862,4917069,5034641,4611125,5216230,1454593,7326877,5285402,5410556,6389480,6786537,7990595,6053368,6010472,6422489,6957626,7492640,7594256,8745225,11500285,11138019,11143439,12576558,15224518,14763000,17189000,19845000,24076000,27782000,29010000,28400000,26507000,21959000,24831000,24764000,27877000,26044000,28844000,23482000,18885000,7399000,13973000,18912000,19300000,19738000,21340000,30478000,32981000,35732000,38543000
936,Customs Duties,0,Custom Duties and Fees,5,Department of Agriculture,0,Department of Agriculture,520910,"30 Percent of Customs Duties, Funds for Strengthening Markets, Income and Supply (section 32)",12,On-budget,0,0,0,0,0,0,0,0,0,0,0,0,0,0,0,0,0,0,0,0,0,0,0,0,0,0,0,0,0,0,0,0,0,0,0,0,0,0,0,0,0,0,0,0,0,0,0,8113000,6852000,7561000,8812000,9181000,9516000,10155000,10349000,10555000,10787000,11032000,11281000,11536000
936,Customs Duties,0,Custom Duties and Fees,5,Department of Agriculture,0,Department of Agriculture,553110,"3.08 Percent of Customs Duties, Agricultural Disaster Relief Fund",12,On-budget,0,0,0,0,0,0,0,0,0,0,0,0,0,0,0,0,0,0,0,0,0,0,0,0,0,0,0,0,0,0,0,0,0,0,0,0,0,0,0,0,0,0,0,0,0,0,0,833000,703000,776000,905000,0,0,0,0,0,0,0,0,0
936,Customs Duties,0,Custom Duties and Fees,5,Department of Agriculture,0,Department of Agriculture,804610,"Transfers from General Fund of Amounts Equal to Certain Customs Duties, Reforestation Trust Fund",12,On-budget,0,0,0,0,0,0,0,0,0,0,0,0,0,0,0,0,0,0,0,0,60000,30000,30000,30000,30000,30000,17500,30000,30000,30000,30000,30000,30000,30000,30000,30000,30000,30000,30000,30000,30000,30000,30000,30000,30000,30000,30000,30000,30000,30000,30000,30000,30000,30000,30000,30000,30000,30000,30000,30000
936,Customs Duties,0,Custom Duties and Fees,10,Department of the Interior,0,Department of the Interior,513720,Custom Duties on Arms and Ammunition,14,On-budget,0,0,0,0,0,0,0,0,0,0,0,0,0,0,0,0,0,0,0,0,0,0,0,0,0,0,2903,12310,12804,12175,13747,15730,18274,24120,23000,17000,19000,18000,40000,19000,17000,17000,19000,23000,16000,17000,21000,23000,29000,27000,28000,34000,44000,44000,40000,39000,34000,34000,30000,30000
936,Customs Duties,0,Custom Duties and Fees,15,Department of the Treasury,0,Department of the Treasury,83100,Customs user fee account,20,On-budget,0,0,0,0,0,0,0,0,0,0,0,0,0,0,0,0,0,0,0,0,0,0,0,0,0,3439,642905,786984,0,0,0,0,0,0,0,0,0,0,0,0,0,0,0,0,0,0,0,0,0,0,0,0,0,0,0,0,0,0,0,0
936,Customs Duties,0,Custom Duties and Fees,15,Department of the Treasury,0,Department of the Treasury,520910,"30 Percent of Customs Duties, Funds for Strengthening Markets, Income and Supply (section 32]",20,On-budget,0,0,0,0,0,0,0,0,0,0,0,0,0,0,0,0,0,0,0,0,0,0,0,3535453,3751090,4147762,4469803,4732530,5059084,5174057,4918473,5281631,5701400,6106321,6119000,5732000,5742000,5707000,5680000,6140000,5923000,5787000,6062000,6303000,6946000,7349000,7887000,0,0,0,0,0,0,0,0,0,0,0,0,0
936,Customs Duties,0,Custom Duties and Fees,15,Department of the Treasury,0,Department of the Treasury,521000,"70% Customs Duties on Wool, Reimbursement for Costs of National Wool Act",20,On-budget,0,0,0,0,0,0,0,0,0,0,0,0,0,0,0,0,0,0,0,0,0,0,0,93575,0,109365,122689,152130,0,93485,104407,172240,191115,179305,211000,107000,0,0,0,0,0,0,0,0,0,0,0,0,0,0,0,0,0,0,0,0,0,0,0,0
936,Customs Duties,0,Custom Duties and Fees,24,Department of Homeland Security,0,Department of Homeland Security,553310,Wool Manufacturers Trust Fund,70,On-budget,0,0,0,0,0,0,0,0,0,0,0,0,0,0,0,0,0,0,0,0,0,0,0,0,0,0,0,0,0,0,0,0,0,0,0,0,0,0,0,0,0,0,0,0,5000,17000,17000,17000,17000,9000,16000,17000,17000,16000,16000,17000,18000,18000,18000,19000
936,Customs Duties,0,Custom Duties and Fees,24,Department of Homeland Security,0,Department of Homeland Security,554410,"Transfers from the General Fund of Amounts Equal to Certain Customs Duties, Pima Cotton Trust Fund",70,On-budget,0,0,0,0,0,0,0,0,0,0,0,0,0,0,0,0,0,0,0,0,0,0,0,0,0,0,0,0,0,0,0,0,0,0,0,0,0,0,0,0,0,0,0,0,0,0,16000,16000,0,0,0,0,0,0,0,0,0,0,0,0
936,Customs Duties,0,Custom Duties and Fees,24,Department of Homeland Security,0,Department of Homeland Security,814750,"Customs Duties, Aquatic Resources Trust Fund",70,On-budget,0,0,0,0,0,0,0,0,0,0,0,0,0,0,0,0,0,0,0,0,0,0,0,0,0,0,0,0,46722,0,27996,26930,24187,24853,27000,32000,31000,60000,26000,34000,34000,35000,35000,40000,41000,40000,47000,42000,34000,36000,38000,41000,46000,49000,53000,60000,64000,68000,71000,75000
936,Customs Duties,0,Custom Duties and Fees,202,Corps of Engineers--Civil Works,0,Corps of Engineers--Civil Works,886310,"User Fees, Harbor Maintenance Trust Fund",96,On-budget,0,0,0,0,0,0,0,0,0,0,0,0,0,0,0,0,0,0,0,0,0,0,0,0,0,0,53000,144001,166000,180493,374420,505827,628463,622253,671000,698000,736000,622000,553000,678000,722000,653000,758000,870000,1048000,1207000,1262000,1467000,1125000,1222000,1469000,1540000,1523000,1510000,1608000,1656000,1720000,1768000,1798000,1828000
936,Customs Duties,0,Custom Duties and Fees,901,Governmental Receipts,0,Governmental Receipts,31000,Other Federal Fund Customs Duties,70,On-budget,1141887,1205363,1251863,1442345,1766543,1900716,2038238,2318962,2430215,2591406,3286906,3187980,3334139,3675532,4074176,1212173,5150151,6572718,7438533,7173836,8022808,8824093,8624732,0,0,0,0,0,0,0,0,0,0,0,0,0,0,0,0,0,0,0,0,0,0,0,0,0,0,0,0,0,0,0,0,0,0,0,0,0
936,Customs Duties,0,Custom Duties and Fees,901,Governmental Receipts,0,Governmental Receipts,31050,Other Federal Fund Customs Duties,99,On-budget,0,0,0,0,0,0,0,0,0,0,0,0,0,0,0,0,0,0,0,0,0,0,0,7711016,8297477,9036087,9776239,10340170,11018923,11217101,10480125,11327081,12208641,13112013,12220000,12054000,11370000,11860000,12007000,13013000,12643000,12080000,12958000,13817000,15293000,16150000,16730000,17027000,13663000,15637000,18221000,19464000,20639000,22122000,24666000,26017000,29207000,31964000,34207000,36312000
937,Misc. Governmental Receipts,0,Misc. Governmental Receipts,1,Legislative Branch,25,Library of Congress,517510,"Fees from Jukebox, Satellite and Cable Television for Operating Costs, Copyright Office",3,On-budget,0,0,0,0,0,0,0,0,0,0,0,0,0,0,0,0,0,0,0,0,0,0,0,90999,103833,90512,69315,281528,223416,192839,175134,189421,201376,193771,179000,198000,199000,217000,215000,183000,190000,207000,200000,213000,214000,227000,234000,250000,262000,5000,6000,5000,5000,5000,5000,5000,6000,6000,6000,7000
937,Misc. Governmental Receipts,0,Misc. Governmental Receipts,1,Legislative Branch,40,United States Tax Court,502310,"Fees for Independent Counsel, Tax Court Independent Counsel, U.S. Tax Court",23,On-budget,0,0,0,0,0,0,0,0,0,0,0,0,0,0,0,0,0,0,0,0,0,0,0,0,0,0,0,353,11,6,4,3,3,2,0,0,0,0,0,0,0,0,0,0,0,0,0,0,0,0,0,0,0,0,0,0,0,0,0,0
937,Misc. Governmental Receipts,0,Misc. Governmental Receipts,2,Judicial Branch,0,Judicial Branch,504000,Referees' Salary and Expense Fund,10,On-budget,0,0,0,0,0,0,0,0,0,0,0,0,0,0,0,0,0,0,0,0,0,0,0,10047,-58973,0,0,0,0,0,0,0,0,0,0,0,0,0,0,0,0,0,0,0,0,0,0,0,0,0,0,0,0,0,0,0,0,0,0,0
937,Misc. Governmental Receipts,0,Misc. Governmental Receipts,2,Judicial Branch,0,Judicial Branch,510010,"Filing Fees, U.S. Courts, Judiciary",10,On-budget,0,0,0,0,0,0,0,0,0,0,0,0,0,0,0,0,0,0,0,0,0,0,0,0,0,0,0,0,21270,33393,47941,46930,48055,59469,57000,84000,97000,66000,107000,106000,174000,200000,202000,248000,275000,221000,189000,224000,289000,318000,276000,257000,242000,234000,204000,199000,236000,246000,257000,261000
937,Misc. Governmental Receipts,0,Misc. Governmental Receipts,2,Judicial Branch,0,Judicial Branch,510110,"Fees, Registry Administration, Judiciary",10,On-budget,0,0,0,0,0,0,0,0,0,0,0,0,0,0,0,0,0,0,0,0,0,0,0,0,0,0,0,0,1230,5302,1886,619,937,3452,4000,6000,6000,2000,3000,4000,-1000,5000,2000,2000,4000,9000,11000,6000,2000,1000,0,1000,1000,0,1000,1000,1000,1000,2000,2000
937,Misc. Governmental Receipts,0,Misc. Governmental Receipts,5,Department of Agriculture,0,Department of Agriculture,507010,"License Fees and Defaults, Perishable Agricultural Commodities Act Fund",12,On-budget,0,0,0,0,0,0,0,0,0,0,0,0,0,0,0,0,0,0,0,0,0,0,0,2906,3403,3288,3834,5676,5569,5492,5950,7875,7378,7521,8000,10000,9000,8000,8000,7000,38000,9000,6000,7000,7000,7000,7000,6000,7000,7000,10000,12000,11000,12000,12000,12000,12000,12000,12000,12000
937,Misc. Governmental Receipts,0,Misc. Governmental Receipts,5,Department of Agriculture,0,Department of Agriculture,516110,"1990 Food, Agricultural Quarantine Inspection Fees",12,On-budget,0,0,0,0,0,0,0,0,0,0,0,0,0,0,0,0,0,0,0,0,0,0,0,0,0,0,0,0,0,0,7075,105448,133257,125184,124000,36000,115000,152000,172000,234000,265000,231000,231000,258000,338000,418000,472000,541000,494000,507000,535000,548000,577000,603000,614000,748000,774000,787000,800000,814000
937,Misc. Governmental Receipts,0,Misc. Governmental Receipts,6,Department of Commerce,0,Department of Commerce,510210,"Fees, North Pacific Fisher Observer Fund",13,On-budget,0,0,0,0,0,0,0,0,0,0,0,0,0,0,0,0,0,0,0,0,0,0,0,0,0,0,0,0,0,0,0,0,0,0,5000,-5000,0,0,0,0,0,0,0,0,0,0,0,0,0,0,0,0,0,0,0,0,0,0,0,0
937,Misc. Governmental Receipts,0,Misc. Governmental Receipts,6,Department of Commerce,0,Department of Commerce,511910,"Fees, Fishing Vessel and Gear Damage Compensation Fund",13,On-budget,0,0,0,0,0,0,0,0,0,0,0,0,0,0,0,0,0,0,0,0,0,0,0,1398,19,73,53,58,21,431,52,48,45,46,0,0,1000,0,0,0,0,0,0,0,0,0,0,0,0,0,0,0,0,0,0,0,0,0,0,0
937,Misc. Governmental Receipts,0,Misc. Governmental Receipts,6,Department of Commerce,0,Department of Commerce,512010,"Fees, Fishermen's Contingency Fund",13,On-budget,0,0,0,0,0,0,0,0,0,0,0,0,0,0,0,0,0,0,0,0,0,0,0,165,756,1492,1541,1108,70,157,903,1802,127,-1,0,0,0,0,0,0,1000,0,0,0,0,0,1000,0,0,0,0,0,0,0,0,0,0,0,0,0
937,Misc. Governmental Receipts,0,Misc. Governmental Receipts,6,Department of Commerce,0,Department of Commerce,512210,"Fees, Foreign Fishing Observer's Fund",13,On-budget,0,0,0,0,0,0,0,0,0,0,0,0,0,0,0,0,0,0,0,0,0,0,0,5802,5107,3099,2360,2456,330,2082,493,-249,39,0,0,0,0,0,0,0,0,0,0,0,0,0,0,0,0,0,0,0,0,0,0,0,0,0,0,0
937,Misc. Governmental Receipts,0,Misc. Governmental Receipts,6,Department of Commerce,0,Department of Commerce,528410,"Permit Title Registration Fees, Limited Access System Administration Fund",13,On-budget,0,0,0,0,0,0,0,0,0,0,0,0,0,0,0,0,0,0,0,0,0,0,0,0,0,0,0,0,0,0,0,0,0,0,0,0,0,0,0,0,3000,3000,4000,3000,3000,8000,7000,10000,6000,4000,12000,10000,7000,10000,10000,10000,10000,10000,10000,10000
937,Misc. Governmental Receipts,0,Misc. Governmental Receipts,6,Department of Commerce,0,Department of Commerce,543910,"Access Fees, Western Pacific Sustainable Fisheries Fund",13,On-budget,0,0,0,0,0,0,0,0,0,0,0,0,0,0,0,0,0,0,0,0,0,0,0,0,0,0,0,0,0,0,0,0,0,0,0,0,0,0,0,0,0,0,0,0,0,0,0,0,1000,1000,1000,1000,1000,0,1000,1000,1000,1000,1000,1000
937,Misc. Governmental Receipts,0,Misc. Governmental Receipts,6,Department of Commerce,0,Department of Commerce,559810,"Fees, North Pacific Fishery Observer Fund",13,On-budget,0,0,0,0,0,0,0,0,0,0,0,0,0,0,0,0,0,0,0,0,0,0,0,0,0,0,0,0,0,0,0,0,0,0,0,0,0,0,0,0,0,0,0,0,0,0,0,0,0,0,0,0,0,4000,4000,4000,4000,4000,4000,4000
937,Misc. Governmental Receipts,0,Misc. Governmental Receipts,7,Department of Defense--Military Programs,0,Department of Defense--Military Programs,10921,"Federal tax withheld from payments to non-resident aliens, Army",21,On-budget,0,0,0,0,0,0,0,0,0,0,0,0,0,0,0,0,0,0,0,0,0,0,0,7,43,-2,-95,0,0,0,0,0,53,-3,0,0,0,0,0,0,0,0,0,0,0,0,0,0,0,0,0,0,0,0,0,0,0,0,0,0
937,Misc. Governmental Receipts,0,Misc. Governmental Receipts,7,Department of Defense--Military Programs,0,Department of Defense--Military Programs,10957,"Federal tax withheld from payments to non-resident aliens, Air Force",57,On-budget,0,0,0,0,0,0,0,0,0,0,0,0,0,0,0,0,0,0,0,0,0,0,0,6,-24,0,0,29,-31,0,0,0,0,0,0,0,0,0,0,0,0,0,0,0,0,0,0,0,0,0,0,0,0,0,0,0,0,0,0,0
937,Misc. Governmental Receipts,0,Misc. Governmental Receipts,7,Department of Defense--Military Programs,0,Department of Defense--Military Programs,19917,"Miscellaneous taxes, not otherwise classified, Navy",17,On-budget,0,0,0,0,0,0,0,0,0,0,0,0,0,0,0,0,0,0,0,0,0,0,0,3,367,24,29,-362,4,18,111,6,14,1,0,0,0,0,0,0,0,0,0,0,0,0,0,0,0,0,0,0,0,0,0,0,0,0,0,0
937,Misc. Governmental Receipts,0,Misc. Governmental Receipts,7,Department of Defense--Military Programs,0,Department of Defense--Military Programs,833700,"Contributions, Host National Support for U.S. Relocation Activities",97,On-budget,0,0,0,0,0,0,0,0,0,0,0,0,0,0,0,0,0,0,0,0,0,0,0,0,0,0,0,0,0,0,0,0,0,0,0,0,0,0,0,12000,7000,12000,9000,13000,46000,12000,34000,4000,53000,70000,55000,100000,183000,92000,117000,118000,120000,121000,123000,124000
937,Misc. Governmental Receipts,0,Misc. Governmental Receipts,7,Department of Defense--Military Programs,0,Department of Defense--Military Programs,835810,"Contributions from Japan, Support for U.S. Relocation to Guam Activities",97,On-budget,0,0,0,0,0,0,0,0,0,0,0,0,0,0,0,0,0,0,0,0,0,0,0,0,0,0,0,0,0,0,0,0,0,0,0,0,0,0,0,0,0,0,0,0,0,0,0,0,336000,498000,0,0,114000,10000,186000,8000,424000,400000,467000,445000
937,Misc. Governmental Receipts,0,Misc. Governmental Receipts,9,Department of Health and Human Services,0,Department of Health and Human Services,10900,Federal tax withheld from payments to non-resident aliens,75,On-budget,0,0,0,0,0,0,0,0,0,0,0,0,0,0,0,0,0,0,0,0,0,0,0,-56,91,-94,51,1183,117,-1153,-44,125,1130,-1426,0,0,0,0,0,0,0,0,0,0,0,0,0,0,0,0,0,0,0,0,0,0,0,0,0,0
937,Misc. Governmental Receipts,0,Misc. Governmental Receipts,9,Department of Health and Human Services,0,Department of Health and Human Services,573310,"Receipts, Risk Adjustment Program",75,On-budget,0,0,0,0,0,0,0,0,0,0,0,0,0,0,0,0,0,0,0,0,0,0,0,0,0,0,0,0,0,0,0,0,0,0,0,0,0,0,0,0,0,0,0,0,0,0,0,0,0,0,0,0,0,0,3679000,5641000,7102000,8835000,10136000,10017000
937,Misc. Governmental Receipts,0,Misc. Governmental Receipts,9,Department of Health and Human Services,0,Department of Health and Human Services,573410,"Deposits, Collections for Child Support",75,On-budget,0,0,0,0,0,0,0,0,0,0,0,0,0,0,0,0,0,0,0,0,0,0,0,417,349,472,401,303,170,189,238,203,1,0,0,0,0,0,0,0,0,0,0,0,0,0,0,0,0,0,0,0,0,0,0,0,0,0,0,0
937,Misc. Governmental Receipts,0,Misc. Governmental Receipts,9,Department of Health and Human Services,0,Department of Health and Human Services,573510,"Contributions, Transitional Reinsurance Program",75,On-budget,0,0,0,0,0,0,0,0,0,0,0,0,0,0,0,0,0,0,0,0,0,0,0,0,0,0,0,0,0,0,0,0,0,0,0,0,0,0,0,0,0,0,0,0,0,0,0,0,0,0,0,0,0,0,10020000,6025000,4025000,0,0,0
937,Misc. Governmental Receipts,0,Misc. Governmental Receipts,9,Department of Health and Human Services,0,Department of Health and Human Services,800549,"FHI Trust Fund, Civil Penalties and Damages",75,On-budget,0,0,0,0,0,0,0,0,0,0,0,0,0,0,0,0,0,0,0,0,0,0,0,0,0,0,0,0,0,0,0,0,0,0,0,0,89000,103000,69000,147000,453000,330000,233000,354000,351000,297000,211000,560000,482000,612000,578000,602000,1364000,807000,1033000,1134000,1235000,1295000,1336000,1376000
937,Misc. Governmental Receipts,0,Misc. Governmental Receipts,10,Department of the Interior,0,Department of the Interior,501510,Coal mining reclamation fees,14,On-budget,0,0,0,0,0,0,0,0,0,0,0,0,0,0,0,0,0,0,0,0,0,0,0,214897,223292,216862,213994,228261,234494,242304,0,0,0,0,0,0,0,0,0,0,0,0,0,0,0,0,0,0,0,0,0,0,0,0,0,0,0,0,0,0
937,Misc. Governmental Receipts,0,Misc. Governmental Receipts,10,Department of the Interior,0,Department of the Interior,501560,"Abandoned Mine Reclamation Fund, Reclamation Fees",14,On-budget,0,0,0,0,0,0,0,0,0,0,0,0,0,0,0,0,0,0,0,0,0,0,0,0,0,0,0,0,0,0,242899,241106,237555,243549,247000,256000,266000,272000,276000,274000,284000,287000,282000,287000,293000,303000,305000,286000,273000,252000,260000,250000,214000,203000,209000,247000,252000,258000,260000,261000
937,Misc. Governmental Receipts,0,Misc. Governmental Receipts,10,Department of the Interior,0,Department of the Interior,506310,"Civil Penalties, Office of Surface Mining Reclamation and Enforcement",14,On-budget,0,0,0,0,0,0,0,0,0,0,0,0,0,0,0,0,0,0,0,0,0,0,0,0,0,0,0,717,780,785,568,475,267,519,0,0,0,0,0,0,0,0,0,0,0,0,0,0,0,0,1000,0,1000,0,0,0,0,0,0,0
937,Misc. Governmental Receipts,0,Misc. Governmental Receipts,10,Department of the Interior,0,Department of the Interior,511110,Hardrock Reclamation Fees,14,On-budget,0,0,0,0,0,0,0,0,0,0,0,0,0,0,0,0,0,0,0,0,0,0,0,0,0,0,0,0,0,0,0,0,0,0,0,0,0,0,0,0,0,0,0,0,0,0,0,0,0,0,0,0,0,0,0,0,200000,200000,200000,200000
937,Misc. Governmental Receipts,0,Misc. Governmental Receipts,10,Department of the Interior,0,Department of the Interior,513700,Migratory bird hunting stamps,14,On-budget,0,0,0,0,0,0,0,0,0,0,0,0,0,0,0,0,0,0,0,0,0,0,0,13999,14535,0,0,0,0,0,0,0,0,0,0,0,0,0,0,0,0,0,0,0,0,0,0,0,0,0,0,0,0,0,0,0,0,0,0,0
937,Misc. Governmental Receipts,0,Misc. Governmental Receipts,10,Department of the Interior,0,Department of the Interior,513710,Migratory Bird Hunting Stamps,14,On-budget,0,0,0,0,0,0,0,0,0,0,0,0,0,0,0,0,0,0,0,0,0,0,0,0,0,14357,11786,17102,14822,20776,16032,21721,22465,18393,22000,22000,23000,25000,25000,25000,25000,24000,25000,22000,24000,23000,23000,22000,23000,24000,23000,22000,24000,24000,29000,36000,36000,36000,36000,36000
937,Misc. Governmental Receipts,0,Misc. Governmental Receipts,10,Department of the Interior,0,Department of the Interior,514110,"National Indian Gaming Commission, Gaming Activity Fees",14,On-budget,0,0,0,0,0,0,0,0,0,0,0,0,0,0,0,0,0,0,0,0,0,0,0,0,0,0,0,0,0,0,0,0,0,0,0,0,0,0,5000,9000,8000,7000,8000,11000,10000,10000,13000,15000,16000,13000,17000,19000,22000,16000,18000,19000,19000,19000,20000,20000
937,Misc. Governmental Receipts,0,Misc. Governmental Receipts,10,Department of the Interior,0,Department of the Interior,524100,"Fines, Penalties, and Forfeitures from Migratory Bird Treaty Act, North American Wetlands Conservation Fund",14,On-budget,0,0,0,0,0,0,0,0,0,0,0,0,0,0,0,0,0,0,0,0,0,0,0,0,0,0,0,0,0,0,0,12000,10,13,0,0,0,0,1000,1000,1000,1000,0,1000,8000,0,5000,1000,6000,1000,1000,1000,21000,21000,21000,13000,13000,17000,1000,1000
937,Misc. Governmental Receipts,0,Misc. Governmental Receipts,10,Department of the Interior,0,Department of the Interior,836531,"Indian Tribal Funds, Fines, Penalties, and Forfeitures, (including George C. Edgeter, Contributions for Advancement)",14,On-budget,0,0,0,0,0,0,0,0,0,0,0,0,0,0,0,0,0,0,0,0,0,0,0,1580,549,382,339,626,1115,570,3764,2042,3108,4000,3000,1000,1000,5000,2000,0,0,0,0,0,0,0,0,0,0,0,0,0,0,0,0,0,0,0,0,0
937,Misc. Governmental Receipts,0,Misc. Governmental Receipts,11,Department of Justice,0,Department of Justice,83400,Breached bond penalties,15,On-budget,0,0,0,0,0,0,0,0,0,0,0,0,0,0,0,0,0,0,0,0,0,0,0,0,0,0,0,0,0,0,0,0,0,8000,8000,8000,8000,8000,8000,8000,8000,8000,8000,8000,0,0,0,0,0,0,0,0,0,0,0,0,0,0,0,0
937,Misc. Governmental Receipts,0,Misc. Governmental Receipts,11,Department of Justice,0,Department of Justice,85400,"Registration Fees, DEA",15,On-budget,0,0,0,0,0,0,0,0,0,0,0,0,0,0,0,0,0,0,0,0,0,0,0,0,0,0,0,0,0,0,0,0,15000,15000,15000,15000,16000,15000,16000,16000,16000,16000,16000,16000,15000,15000,15000,15000,15000,15000,15000,15000,15000,15000,15000,15000,15000,15000,15000,15000
937,Misc. Governmental Receipts,0,Misc. Governmental Receipts,11,Department of Justice,0,Department of Justice,104000,"Fines, Penalties, and Forfeitures, Customs, Commerce, and Antitrust Laws",15,On-budget,0,0,0,0,0,0,0,0,0,0,0,0,0,0,0,0,0,0,0,0,0,0,0,0,0,0,0,0,0,0,0,0,0,0,0,0,0,0,0,0,0,0,0,0,0,0,0,0,0,0,0,0,0,0,4848000,0,0,0,0,0
937,Misc. Governmental Receipts,0,Misc. Governmental Receipts,11,Department of Justice,0,Department of Justice,504110,"Fines, Penalties, and Forfeitures, Crime Victims Fund",15,On-budget,0,0,0,0,0,0,0,0,0,0,0,0,0,0,0,0,0,0,0,0,0,0,0,0,60919,59220,77446,93559,133540,146227,127968,221609,143798,184446,234000,529000,363000,324000,985000,777000,544000,519000,361000,834000,668000,650000,1018000,896000,1746000,2362000,1998000,2796000,1490000,3591000,2500000,2500000,2500000,2500000,2500000,2500000
937,Misc. Governmental Receipts,0,Misc. Governmental Receipts,11,Department of Justice,0,Department of Justice,504210,"Forfeited Cash and Proceeds from the Sale of Forfeited Property, Assets Forfeiture Fund",15,On-budget,0,0,0,0,0,0,0,0,0,0,0,0,0,0,0,0,0,0,0,0,0,0,0,0,0,0,160129,207309,575862,451075,630800,515330,531006,489313,454000,304000,388000,408000,558000,446000,386000,393000,494000,527000,556000,1086000,1478000,1247000,1393000,1596000,1680000,4209000,2050000,4468000,1376000,1446000,1351000,1350000,1350000,1345000
937,Misc. Governmental Receipts,0,Misc. Governmental Receipts,11,Department of Justice,0,Department of Justice,507310,"Fees for bankruptcy oversight, U.S. trustees system",15,On-budget,0,0,0,0,0,0,0,0,0,0,0,0,0,0,0,0,0,0,0,0,0,0,0,0,0,0,24347,40547,57232,66617,65792,85538,54896,53593,62000,63000,0,0,0,0,0,0,0,0,0,0,0,0,0,0,0,0,0,0,0,0,0,0,0,0
937,Misc. Governmental Receipts,0,Misc. Governmental Receipts,11,Department of Justice,0,Department of Justice,508610,"Immigration Legalization, Justice",15,On-budget,0,0,0,0,0,0,0,0,0,0,0,0,0,0,0,0,0,0,0,0,0,0,0,0,0,0,97994,189279,63889,58322,17393,3881,2284,1304,1000,1000,0,0,0,0,0,0,0,0,0,0,0,0,0,0,0,0,0,0,0,0,0,0,0,0
937,Misc. Governmental Receipts,0,Misc. Governmental Receipts,11,Department of Justice,0,Department of Justice,508700,"Immigration User Fee, Justice (Governmental Receipt)",15,On-budget,0,0,0,0,0,0,0,0,0,0,0,0,0,0,0,0,0,0,0,0,0,0,0,0,0,0,39304,91707,108456,0,0,0,0,0,0,0,0,0,0,0,0,0,0,0,0,0,0,0,0,0,0,0,0,0,0,0,0,0,0,0
937,Misc. Governmental Receipts,0,Misc. Governmental Receipts,11,Department of Justice,0,Department of Justice,508800,"Immigration examinations fee, TCJ (Governmental Reciept)",15,On-budget,0,0,0,0,0,0,0,0,0,0,0,0,0,0,0,0,0,0,0,0,0,0,0,0,0,0,0,0,140939,0,0,0,0,0,0,0,0,0,0,0,0,0,0,0,0,0,0,0,0,0,0,0,0,0,0,0,0,0,0,0
937,Misc. Governmental Receipts,0,Misc. Governmental Receipts,12,Department of Labor,0,Department of Labor,813010,"Longshoremen's and Harbor Workers Compensation Act, Receipts, Special Workers'",16,On-budget,0,0,0,0,0,0,0,0,0,0,0,0,0,0,0,0,0,0,0,0,0,0,0,40266,50752,54133,57243,62432,71423,93135,94350,97752,103071,114675,129000,116000,112000,116000,133000,134000,132000,136000,133000,141000,135000,132000,128000,121000,134000,134000,121000,124000,124000,122000,140000,140000,140000,140000,140000,140000
937,Misc. Governmental Receipts,0,Misc. Governmental Receipts,12,Department of Labor,0,Department of Labor,813410,"Workmen's Compensation Act within District of Columbia, Receipts, Special Workers'",16,On-budget,0,0,0,0,0,0,0,0,0,0,0,0,0,0,0,0,0,0,0,0,0,0,0,8163,9368,11070,15862,6758,11953,12607,12346,9447,10800,8702,14000,11000,11000,11000,10000,12000,12000,12000,10000,11000,11000,11000,11000,9000,11000,11000,6000,8000,13000,5000,9000,9000,9000,9000,9000,9000
937,Misc. Governmental Receipts,0,Misc. Governmental Receipts,14,Department of State,0,Department of State,83000,"Immigration, Passport, and Consular Fees",20,On-budget,0,0,0,0,0,0,0,0,0,0,0,0,0,0,0,0,0,0,0,0,0,0,0,247147,276410,236324,306830,400603,246984,223968,186818,288643,329930,385695,411000,419000,465000,491000,501000,522000,535000,524000,642000,556000,911000,861000,1067000,738000,681000,773000,787000,688000,650000,700000,691000,705000,718000,732000,746000,761000
937,Misc. Governmental Receipts,0,Misc. Governmental Receipts,15,Department of the Treasury,0,Department of the Treasury,10900,Federal tax withheld from payments to non-resident aliens,20,On-budget,0,0,0,0,0,0,0,0,0,0,0,0,0,0,0,0,0,0,0,0,0,0,0,66304,94000,0,0,0,0,0,0,0,0,0,0,0,0,0,0,0,0,0,0,0,0,0,0,0,0,0,0,0,0,0,0,0,0,0,0,0
937,Misc. Governmental Receipts,0,Misc. Governmental Receipts,15,Department of the Treasury,0,Department of the Treasury,19900,"Miscellaneous Taxes, not Otherwise Classified",20,On-budget,0,0,0,0,0,0,0,0,0,0,0,0,0,0,0,0,0,0,0,0,0,0,0,15058,15527,15851,15933,17337,15782,14950,59475,0,0,1,0,0,0,0,-4000,0,0,0,0,0,0,0,0,0,0,0,0,0,0,0,0,0,0,0,0,0
937,Misc. Governmental Receipts,0,Misc. Governmental Receipts,15,Department of the Treasury,0,Department of the Treasury,40100,"Proceeds from Exercise of Warrants, Air Transportation Stabilization Board",20,On-budget,0,0,0,0,0,0,0,0,0,0,0,0,0,0,0,0,0,0,0,0,0,0,0,0,0,0,0,0,0,0,0,0,0,0,0,0,0,0,0,0,0,0,0,0,0,0,24000,0,0,0,0,0,0,0,0,0,0,0,0,0
937,Misc. Governmental Receipts,0,Misc. Governmental Receipts,15,Department of the Treasury,0,Department of the Treasury,40110,"Proceeds from Exercise of Warrants, Air Transportation Stabilization Board",20,On-budget,0,0,0,0,0,0,0,0,0,0,0,0,0,0,0,0,0,0,0,0,0,0,0,0,0,0,0,0,0,0,0,0,0,0,0,0,0,0,0,0,0,0,0,0,1000,118000,0,0,0,0,0,0,0,0,0,0,0,0,0,0
937,Misc. Governmental Receipts,0,Misc. Governmental Receipts,15,Department of the Treasury,0,Department of the Treasury,65000,"Deposit of Earnings, Federal Reserve System",20,On-budget,0,0,0,0,0,0,0,0,0,0,0,0,0,0,0,0,0,0,0,0,0,0,0,15683846,17058986,18373909,16816623,17163237,19604126,24319216,19158322,22920445,14908084,18022729,23378000,20477000,19636000,24540000,25917000,32293000,26124000,23683000,21878000,19652000,19297000,29945000,32043000,33598000,34318000,75845000,82546000,81957000,75767000,99235000,94015000,77420000,47521000,38860000,40860000,46182000
937,Misc. Governmental Receipts,0,Misc. Governmental Receipts,15,Department of the Treasury,0,Department of the Treasury,84000,"Patent, trademark, and copyright fees",20,On-budget,0,0,0,0,0,0,0,0,0,0,0,0,0,0,0,0,0,0,0,0,0,0,0,204,206,1025,385,43,465,525,1449,233,64,33,0,0,0,0,0,0,0,0,0,0,0,0,0,0,0,0,0,0,0,0,0,0,0,0,0,0
937,Misc. Governmental Receipts,0,Misc. Governmental Receipts,15,Department of the Treasury,0,Department of the Treasury,85000,"Registration, Filing, and Transaction Fees",20,On-budget,0,0,0,0,0,0,0,0,0,0,0,0,0,0,0,0,0,0,0,0,0,0,0,142247,167351,239653,293942,290781,0,29265,30857,23794,2196,5690,6000,5000,4000,5000,6000,4000,4000,5000,3000,4000,4000,4000,3000,4000,4000,4000,5000,5000,4000,5000,0,0,0,0,0,0
937,Misc. Governmental Receipts,0,Misc. Governmental Receipts,15,Department of the Treasury,0,Department of the Treasury,85015,"Registration, Filing, and Transaction Fees, SEC",95,On-budget,0,0,0,0,0,0,0,0,0,0,0,0,0,0,0,0,0,0,0,0,0,0,0,0,0,0,0,0,240900,207931,221831,288753,371551,402437,405000,532000,670000,1244000,1174000,1414000,1343000,1000,0,0,0,0,0,0,0,0,0,325000,458000,528000,458000,458000,458000,458000,458000,458000
937,Misc. Governmental Receipts,0,Misc. Governmental Receipts,15,Department of the Treasury,0,Department of the Treasury,86100,"Charges for Expenses, Settlement of International Claims",20,On-budget,0,0,0,0,0,0,0,0,0,0,0,0,0,0,0,0,0,0,0,0,0,0,0,3897,1892,5127,4284,997,1406,62190,-54033,134,3133,152,0,0,1000,0,0,0,0,0,0,0,0,0,0,0,0,0,0,0,0,0,0,0,0,0,0,0
937,Misc. Governmental Receipts,0,Misc. Governmental Receipts,15,Department of the Treasury,0,Department of the Treasury,86400,"Filing Fees, P.L. 109-171, Title X",10,On-budget,0,0,0,0,0,0,0,0,0,0,0,0,0,0,0,0,0,0,0,0,0,0,0,0,0,0,0,0,0,0,0,0,0,0,0,0,0,0,0,0,0,0,0,0,0,21000,54000,61000,72000,79000,75000,68000,65000,61000,65000,65000,65000,65000,65000,65000
937,Misc. Governmental Receipts,0,Misc. Governmental Receipts,15,Department of the Treasury,0,Department of the Treasury,86600,Transitional Reinsurance Contributions to the General Fund,20,On-budget,0,0,0,0,0,0,0,0,0,0,0,0,0,0,0,0,0,0,0,0,0,0,0,0,0,0,0,0,0,0,0,0,0,0,0,0,0,0,0,0,0,0,0,0,0,0,0,0,0,0,0,0,0,0,0,2000000,2000000,1000000,0,0
937,Misc. Governmental Receipts,0,Misc. Governmental Receipts,15,Department of the Treasury,0,Department of the Treasury,86900,"Fees for Legal and Judicial Services, not Otherwise Classified",20,On-budget,0,0,0,0,0,0,0,0,0,0,0,0,0,0,0,0,0,0,0,0,0,0,0,36170,34749,35941,40814,41636,41143,44456,56945,52858,77135,61692,48000,56000,63000,66000,61000,59000,65000,72000,77000,76000,74000,59000,56000,56000,71000,77000,74000,65000,59000,55000,59000,59000,59000,59000,59000,59000
937,Misc. Governmental Receipts,0,Misc. Governmental Receipts,15,Department of the Treasury,0,Department of the Treasury,89100,"Miscellaneous Fees for Regulatory and Judicial Services, not Otherwise Classified",20,On-budget,0,0,0,0,0,0,0,0,0,0,0,0,0,0,0,0,0,0,0,0,0,0,0,8439,7573,9465,15192,13571,11508,6679,5766,5799,6706,7160,7000,7000,7000,6000,7000,7000,7000,8000,8000,7000,8000,7000,7000,9000,9000,10000,13000,12000,10000,883000,10000,10000,10000,10000,10000,10000
937,Misc. Governmental Receipts,0,Misc. Governmental Receipts,15,Department of the Treasury,0,Department of the Treasury,101000,"Fines, Penalties, and Forfeitures, Agricultural Laws",20,On-budget,0,0,0,0,0,0,0,0,0,0,0,0,0,0,0,0,0,0,0,0,0,0,0,1452,1515,1129,958,4080,1324,1375,4032,2488,2239,2190,2000,2000,2000,2000,2000,1000,5000,2000,3000,1000,1000,2000,4000,5000,5000,5000,5000,4000,4000,4000,4000,4000,4000,4000,4000,4000
937,Misc. Governmental Receipts,0,Misc. Governmental Receipts,15,Department of the Treasury,0,Department of the Treasury,102000,"Fines, Penalties, and Forfeitures, Economic Stabilization Laws",20,On-budget,0,0,0,0,0,0,0,0,0,0,0,0,0,0,0,0,0,0,0,0,0,0,0,5179,123,47525,500000,199062,299085,170000,200545,190006,142002,0,0,90000,100000,0,1000,1000,9000,9000,9000,9000,9000,0,0,0,0,0,0,0,0,0,0,0,0,0,0,0
937,Misc. Governmental Receipts,0,Misc. Governmental Receipts,15,Department of the Treasury,0,Department of the Treasury,103000,"Fines, Penalties, and Forfeitures, Immigration and Labor Laws",20,On-budget,0,0,0,0,0,0,0,0,0,0,0,0,0,0,0,0,0,0,0,0,0,0,0,18669,16432,23622,27843,39619,42278,56375,77606,97338,95373,91671,81000,59000,76000,75000,74000,77000,72000,72000,71000,69000,71000,92000,77000,91000,80000,86000,171000,145000,176000,158000,176000,176000,176000,176000,176000,176000
937,Misc. Governmental Receipts,0,Misc. Governmental Receipts,15,Department of the Treasury,0,Department of the Treasury,104000,"Fines, Penalties, and Forfeitures, Customs, Commerce, and Antitrust Laws",20,On-budget,0,0,0,0,0,0,0,0,0,0,0,0,0,0,0,0,0,0,0,0,0,0,0,65783,68712,64891,82494,82497,74763,160577,99160,116353,101071,65967,75000,83000,66000,96000,95000,155000,108000,100000,97000,101000,118000,119000,121000,147000,125000,125000,153000,140000,166000,5893000,166000,166000,166000,166000,166000,166000
937,Misc. Governmental Receipts,0,Misc. Governmental Receipts,15,Department of the Treasury,0,Department of the Treasury,105000,"Fines, Penalties, and Forfeitures, Narcotic Prohibition and Alcohol Laws",20,On-budget,0,0,0,0,0,0,0,0,0,0,0,0,0,0,0,0,0,0,0,0,0,0,0,5238,1395,875,831,-92,1621,2595,290,4279,3404,4475,4000,2000,1000,3000,1000,1000,3000,2000,5000,6000,4000,6000,7000,20000,42000,5000,79000,11000,82000,12000,82000,82000,82000,82000,82000,82000
937,Misc. Governmental Receipts,0,Misc. Governmental Receipts,15,Department of the Treasury,0,Department of the Treasury,106000,Forfeitures of Unclaimed Money and Property,20,On-budget,0,0,0,0,0,0,0,0,0,0,0,0,0,0,0,0,0,0,0,0,0,0,0,22943,22312,25813,33065,25130,3401,4037,130838,7080,23997,4226,10000,77000,30000,51000,24000,179000,8000,25000,25000,30000,-14000,9000,14000,10000,5000,21000,19000,25000,24000,10000,24000,24000,24000,24000,24000,24000
937,Misc. Governmental Receipts,0,Misc. Governmental Receipts,15,Department of the Treasury,0,Department of the Treasury,108000,"Fines, Penalties, and Forfeitures, Federal Coal Mine Health and Safety Laws",20,On-budget,0,0,0,0,0,0,0,0,0,0,0,0,0,0,0,0,0,0,0,0,0,0,0,7695,9517,10469,9973,12880,13723,14509,13833,16751,19465,18334,20000,15000,13000,18000,19000,17000,18000,18000,17000,17000,19000,24000,30000,56000,63000,68000,101000,134000,100000,76000,100000,100000,100000,100000,100000,100000
937,Misc. Governmental Receipts,0,Misc. Governmental Receipts,15,Department of the Treasury,0,Department of the Treasury,109600,Penalties on Employers Who Do not Offer Health Coverage or Delay Eligibility for New Employees,20,On-budget,0,0,0,0,0,0,0,0,0,0,0,0,0,0,0,0,0,0,0,0,0,0,0,0,0,0,0,0,0,0,0,0,0,0,0,0,0,0,0,0,0,0,0,0,0,0,0,0,0,0,0,0,0,0,0,0,12985000,15068000,14881000,16537000
937,Misc. Governmental Receipts,0,Misc. Governmental Receipts,15,Department of the Treasury,0,Department of the Treasury,109700,Penalties on Individuals Who Do not Have Health Coverage,20,On-budget,0,0,0,0,0,0,0,0,0,0,0,0,0,0,0,0,0,0,0,0,0,0,0,0,0,0,0,0,0,0,0,0,0,0,0,0,0,0,0,0,0,0,0,0,0,0,0,0,0,0,0,0,0,0,1128000,3872000,6653000,6394000,6501000,6844000
937,Misc. Governmental Receipts,0,Misc. Governmental Receipts,15,Department of the Treasury,0,Department of the Treasury,109900,"Fines, Penalties, and Forfeitures, not Otherwise Classified",95,On-budget,0,0,0,0,0,0,0,0,0,0,0,0,0,0,0,0,0,0,0,0,0,0,0,97092,73258,74869,106152,81009,246231,210863,263342,367135,299782,578556,460000,246000,425000,404000,397000,212000,443000,667000,778000,1152000,611000,608000,600000,775000,1088000,1356000,1589000,1147000,3635000,4314000,3635000,3635000,3636000,3637000,3644000,3641000
937,Misc. Governmental Receipts,0,Misc. Governmental Receipts,15,Department of the Treasury,0,Department of the Treasury,112500,Recoveries under Military Occupation,20,On-budget,0,0,0,0,0,0,0,0,0,0,0,0,0,0,0,0,0,0,0,0,0,0,0,2430,2976,3852,8893,12596,10965,13346,15706,12257,10798,6521,0,0,0,0,0,0,0,0,0,0,0,0,0,0,0,0,0,0,0,0,0,0,0,0,0,0
937,Misc. Governmental Receipts,0,Misc. Governmental Receipts,15,Department of the Treasury,0,Department of the Treasury,241100,User Fees for IRS,20,On-budget,0,0,0,0,0,0,0,0,0,0,0,0,0,0,0,0,0,0,0,0,0,0,0,0,0,0,0,18254,33828,29766,37233,35926,37113,47286,84000,50000,45000,43000,39000,38000,40000,59000,42000,46000,36000,39000,38000,42000,44000,62000,49000,46000,44000,30000,30000,30000,30000,30000,30000,30000
937,Misc. Governmental Receipts,0,Misc. Governmental Receipts,15,Department of the Treasury,0,Department of the Treasury,249200,"Premiums, Terrorism Risk Insurance Program",20,On-budget,0,0,0,0,0,0,0,0,0,0,0,0,0,0,0,0,0,0,0,0,0,0,0,0,0,0,0,0,0,0,0,0,0,0,0,0,0,0,0,0,0,0,0,0,0,0,0,0,0,0,0,0,0,0,0,0,55000,160000,329000,108000
937,Misc. Governmental Receipts,0,Misc. Governmental Receipts,15,Department of the Treasury,0,Department of the Treasury,309990,Refunds of Moneys Erroneously Received and Recovered (20X1807),20,On-budget,0,0,0,0,0,0,0,0,0,0,0,0,0,0,0,0,0,0,0,0,0,0,0,-22256,-28317,-6327,-20231,-1830,-102504,-2283,-9153,-6575,-159421,-19303,-11000,-121000,-25000,-46000,-740000,-86000,-114000,-336000,-320000,-83000,-40000,-62000,-28000,-47000,-71000,-44000,-45000,-47000,-33000,-37000,-42000,-42000,-42000,-42000,-42000,-42000
937,Misc. Governmental Receipts,0,Misc. Governmental Receipts,15,Department of the Treasury,0,Department of the Treasury,509910,"Collections from Reimbursement State and Local Law Enforcements Agencies, IRS",20,On-budget,0,0,0,0,0,0,0,0,0,0,0,0,0,0,0,0,0,0,0,0,0,0,0,0,0,0,0,0,0,0,0,0,48,28,0,0,0,0,0,0,0,0,0,0,0,0,0,0,0,0,0,0,0,0,0,0,0,0,0,0
937,Misc. Governmental Receipts,0,Misc. Governmental Receipts,15,Department of the Treasury,0,Department of the Treasury,540710,Sallie Mae Assessments,20,On-budget,0,0,0,0,0,0,0,0,0,0,0,0,0,0,0,0,0,0,0,0,0,0,0,0,0,0,0,0,0,0,0,0,0,0,0,0,1000,0,0,1000,0,0,0,1000,0,0,0,0,0,0,0,0,0,0,0,0,0,0,0,0
937,Misc. Governmental Receipts,0,Misc. Governmental Receipts,15,Department of the Treasury,0,Department of the Treasury,543240,"Enrolled Agent Fee Increase, IRS Miscellaneous Retained Fees",20,On-budget,0,0,0,0,0,0,0,0,0,0,0,0,0,0,0,0,0,0,0,0,0,0,0,0,0,0,0,0,0,0,0,0,0,0,0,2000,-2000,0,2000,0,0,2000,0,8000,8000,6000,7000,7000,7000,7000,7000,5000,6000,8000,7000,7000,8000,7000,7000,8000
937,Misc. Governmental Receipts,0,Misc. Governmental Receipts,15,Department of the Treasury,0,Department of the Treasury,543260,"Tax Preparer Registration Fees, IRS Miscellaneous Retained Fees",20,On-budget,0,0,0,0,0,0,0,0,0,0,0,0,0,0,0,0,0,0,0,0,0,0,0,0,0,0,0,0,0,0,0,0,0,0,0,0,0,0,0,0,0,0,0,0,0,0,0,0,0,0,37000,38000,37000,36000,36000,36000,36000,36000,36000,36000
937,Misc. Governmental Receipts,0,Misc. Governmental Receipts,15,Department of the Treasury,0,Department of the Treasury,559010,"Fees and Assessments, Financial Research Fund",20,On-budget,0,0,0,0,0,0,0,0,0,0,0,0,0,0,0,0,0,0,0,0,0,0,0,0,0,0,0,0,0,0,0,0,0,0,0,0,0,0,0,0,0,0,0,0,0,0,0,0,0,0,0,137000,35000,106000,124000,127000,130000,134000,138000,142000
937,Misc. Governmental Receipts,0,Misc. Governmental Receipts,15,Department of the Treasury,0,Department of the Treasury,559030,"Transfer from the Federal Reserve, Financial Research Fund",20,On-budget,0,0,0,0,0,0,0,0,0,0,0,0,0,0,0,0,0,0,0,0,0,0,0,0,0,0,0,0,0,0,0,0,0,0,0,0,0,0,0,0,0,0,0,0,0,0,0,0,0,0,21000,31000,0,0,0,0,0,0,0,0
937,Misc. Governmental Receipts,0,Misc. Governmental Receipts,15,Department of the Treasury,0,Department of the Treasury,568810,"Antidumping and Countervailing Duties, Continued Dumping and Subsidy Offset",20,On-budget,0,0,0,0,0,0,0,0,0,0,0,0,0,0,0,0,0,0,0,0,0,0,0,0,0,0,0,0,0,0,0,0,0,0,0,0,0,0,0,0,247000,312000,293000,303000,237000,476000,388000,396000,217000,109000,92000,125000,88000,79000,88000,88000,88000,88000,88000,88000
937,Misc. Governmental Receipts,0,Misc. Governmental Receipts,15,Department of the Treasury,0,Department of the Treasury,569310,"Proceeds from the Sale of Forfeited or Seized Property or Monetary Instruments, Customs Forfeiture Fund",20,On-budget,0,0,0,0,0,0,0,0,0,0,0,0,0,0,0,0,0,0,0,0,0,0,0,0,0,0,0,33484,68543,55943,202331,183585,0,0,0,0,0,0,0,0,0,0,0,0,0,0,0,0,0,0,0,0,0,0,0,0,0,0,0,0
937,Misc. Governmental Receipts,0,Misc. Governmental Receipts,15,Department of the Treasury,0,Department of the Treasury,569610,Forfeited Monetary Assets,20,On-budget,0,0,0,0,0,0,0,0,0,0,0,0,0,0,0,0,0,0,0,0,0,0,0,0,0,0,0,0,0,31907,-4652,-524,0,0,0,0,0,0,0,0,0,0,0,0,0,0,0,0,0,0,0,0,0,0,0,0,0,0,0,0
937,Misc. Governmental Receipts,0,Misc. Governmental Receipts,15,Department of the Treasury,0,Department of the Treasury,569710,"Forfeited Cash and Proceeds from Sale of Forfeited Property, Treasury Forfeiture Fund",20,On-budget,0,0,0,0,0,0,0,0,0,0,0,0,0,0,0,0,0,0,0,0,0,0,0,0,0,0,0,0,0,0,0,0,167595,182375,261000,159000,311000,274000,324000,202000,254000,172000,248000,309000,308000,245000,414000,557000,554000,1142000,930000,523000,1713000,784000,459000,413000,413000,413000,413000,413000
937,Misc. Governmental Receipts,0,Misc. Governmental Receipts,15,Department of the Treasury,0,Department of the Treasury,581610,Confiscated Iraqi Assets,20,On-budget,0,0,0,0,0,0,0,0,0,0,0,0,0,0,0,0,0,0,0,0,0,0,0,0,0,0,0,0,0,0,0,0,0,0,0,0,0,0,0,0,0,0,1917000,18000,0,0,0,0,0,0,0,0,0,0,0,0,0,0,0,0
937,Misc. Governmental Receipts,0,Misc. Governmental Receipts,15,Department of the Treasury,0,Department of the Treasury,862510,"Administrative and Civil Penalties, Gulf Coast Restoration Trust Fund",20,On-budget,0,0,0,0,0,0,0,0,0,0,0,0,0,0,0,0,0,0,0,0,0,0,0,0,0,0,0,0,0,0,0,0,0,0,0,0,0,0,0,0,0,0,0,0,0,0,0,0,0,0,0,0,324000,330000,165000,0,0,0,0,0
937,Misc. Governmental Receipts,0,Misc. Governmental Receipts,16,Social Security Administration,0,Social Security Administration,309600,Recovery of beneficiary overpayments from SSI program (Governmental Receipt),75,On-budget,0,0,0,0,0,0,0,0,0,0,0,0,0,0,0,0,0,0,0,0,0,0,0,0,0,0,0,0,0,0,427928,0,0,0,0,0,0,0,0,0,0,0,0,0,0,0,0,0,0,0,0,0,0,0,0,0,0,0,0,0
937,Misc. Governmental Receipts,0,Misc. Governmental Receipts,19,Department of Energy,0,Department of Energy,501200,"Licenses under Federal Power Act, Improvements of Navigable Waters",89,On-budget,0,0,0,0,0,0,0,0,0,0,0,0,0,0,0,0,0,0,0,0,0,0,0,1285,-1285,0,0,0,0,0,0,0,0,0,0,0,0,0,0,0,0,0,0,0,0,0,0,0,0,0,0,0,0,0,0,0,0,0,0,0
937,Misc. Governmental Receipts,0,Misc. Governmental Receipts,19,Department of Energy,0,Department of Energy,510500,"Licenses under Federal Power Act from Public Lands and National Forests, Payment to States (37 1/2%)",89,On-budget,0,0,0,0,0,0,0,0,0,0,0,0,0,0,0,0,0,0,0,0,0,0,0,732,1052,629,912,1803,2249,2708,2189,2280,2280,2515,2000,3000,3000,3000,3000,3000,3000,3000,3000,3000,3000,3000,3000,3000,3000,0,6000,3000,3000,4000,4000,4000,5000,5000,5000,5000
937,Misc. Governmental Receipts,0,Misc. Governmental Receipts,19,Department of Energy,0,Department of Energy,518000,Energy Security Reserve,89,On-budget,0,0,0,0,0,0,0,0,0,0,0,0,0,0,0,0,0,0,0,0,0,0,0,12427,7514,-1,1,0,0,0,0,0,0,0,0,0,0,0,0,0,0,0,0,0,0,0,0,0,0,0,0,0,0,0,0,0,0,0,0,0
937,Misc. Governmental Receipts,0,Misc. Governmental Receipts,19,Department of Energy,0,Department of Energy,523110,"Assessments, Decontamination and Decommissioning Fund",89,On-budget,0,0,0,0,0,0,0,0,0,0,0,0,0,0,0,0,0,0,0,0,0,0,0,0,0,0,0,0,0,0,0,0,147958,172516,160000,160000,165000,148000,171000,175000,181000,186000,189000,193000,198000,205000,213000,0,0,0,0,0,0,0,0,204000,208000,213000,218000,223000
937,Misc. Governmental Receipts,0,Misc. Governmental Receipts,20,Environmental Protection Agency,0,Environmental Protection Agency,89500,"Registration, PMN, Other Services",68,On-budget,0,0,0,0,0,0,0,0,0,0,0,0,0,0,0,0,0,0,0,0,0,0,0,0,0,0,0,0,0,2540,2513,2327,2956,2573,2000,2000,2000,2000,2000,2000,2000,2000,1000,1000,1000,1000,1000,1000,1000,1000,1000,1000,1000,1000,2000,2000,2000,2000,2000,2000
937,Misc. Governmental Receipts,0,Misc. Governmental Receipts,20,Environmental Protection Agency,0,Environmental Protection Agency,529700,Exxon Valdez settlement fund,68,On-budget,0,0,0,0,0,0,0,0,0,0,0,0,0,0,0,0,0,0,0,0,0,0,0,0,0,0,0,0,0,0,0,0,4487,0,0,0,0,0,0,0,0,0,0,0,0,0,0,0,0,0,0,0,0,0,0,0,0,0,0,0
937,Misc. Governmental Receipts,0,Misc. Governmental Receipts,20,Environmental Protection Agency,0,Environmental Protection Agency,814530,"Fines and Penalties, and Miscellaneous, Hazardous Substance Superfund",68,On-budget,0,0,0,0,0,0,0,0,0,0,0,0,0,0,0,0,0,0,0,0,0,0,0,0,13,18,51,42,141,292,1219,1615,3629,2445,2000,3000,3000,5000,4000,1000,2000,1000,3000,3000,2000,2000,1000,3000,1000,3000,2000,1000,3000,1000,2000,2000,2000,2000,2000,2000
937,Misc. Governmental Receipts,0,Misc. Governmental Receipts,24,Department of Homeland Security,0,Department of Homeland Security,83400,Breached Bond Penalties,70,On-budget,0,0,0,0,0,0,0,0,0,0,0,0,0,0,0,0,0,0,0,0,0,0,0,0,0,0,0,0,0,0,0,0,0,0,0,0,0,0,0,0,0,0,0,0,8000,8000,8000,8000,8000,8000,8000,8000,8000,8000,8000,8000,8000,8000,8000,8000
937,Misc. Governmental Receipts,0,Misc. Governmental Receipts,24,Department of Homeland Security,0,Department of Homeland Security,83500,"Immigration Fees, Border Security Act",70,On-budget,0,0,0,0,0,0,0,0,0,0,0,0,0,0,0,0,0,0,0,0,0,0,0,0,0,0,0,0,0,0,0,0,0,0,0,0,0,0,0,0,0,0,0,0,0,0,0,0,0,3000,104000,150000,108000,113000,104000,0,0,0,0,0
937,Misc. Governmental Receipts,0,Misc. Governmental Receipts,24,Department of Homeland Security,0,Department of Homeland Security,516710,"Fees, fines and penalties, Offshore Oil Pollution Comp. Fund",69,On-budget,0,0,0,0,0,0,0,0,0,0,0,0,0,0,0,0,0,0,0,0,0,0,0,11148,11935,9942,10893,9957,5731,2002,0,0,0,0,0,0,0,0,0,0,0,0,0,0,0,0,0,0,0,0,0,0,0,0,0,0,0,0,0,0
937,Misc. Governmental Receipts,0,Misc. Governmental Receipts,24,Department of Homeland Security,0,Department of Homeland Security,516800,"Oil Pollution Fund, DOT",69,On-budget,0,0,0,0,0,0,0,0,0,0,0,0,0,0,0,0,0,0,0,0,0,0,0,4793,7390,3984,4805,5208,30980,49409,0,0,0,0,0,0,0,0,0,0,0,0,0,0,0,0,0,0,0,0,0,0,0,0,0,0,0,0,0,0
937,Misc. Governmental Receipts,0,Misc. Governmental Receipts,24,Department of Homeland Security,0,Department of Homeland Security,517010,"Fees, Deepwater Port Liability Fund, DOT",69,On-budget,0,0,0,0,0,0,0,0,0,0,0,0,0,0,0,0,0,0,0,0,0,0,0,2885,133,0,0,0,0,0,0,0,0,0,0,0,0,0,0,0,0,0,0,0,0,0,0,0,0,0,0,0,0,0,0,0,0,0,0,0
937,Misc. Governmental Receipts,0,Misc. Governmental Receipts,24,Department of Homeland Security,0,Department of Homeland Security,559510,Electronic System for Travel Authorization (ESTA) Fees,70,On-budget,0,0,0,0,0,0,0,0,0,0,0,0,0,0,0,0,0,0,0,0,0,0,0,0,0,0,0,0,0,0,0,0,0,0,0,0,0,0,0,0,0,0,0,0,0,0,0,0,0,2000,45000,48000,51000,54000,55000,57000,60000,62000,64000,65000
937,Misc. Governmental Receipts,0,Misc. Governmental Receipts,24,Department of Homeland Security,0,Department of Homeland Security,568710,"Deposits, Duties, and Taxes, Puerto Rico",70,On-budget,0,0,0,0,0,0,0,0,0,0,0,0,0,0,0,0,0,0,0,0,0,0,0,92952,96828,96792,106779,118901,116354,103192,113375,120753,129298,164513,138000,110000,107000,112000,100000,90000,86000,85000,85000,85000,100000,106000,93000,90000,84000,85000,100000,107000,254000,180000,98000,99000,100000,101000,102000,103000
937,Misc. Governmental Receipts,0,Misc. Governmental Receipts,24,Department of Homeland Security,0,Department of Homeland Security,818530,"Fines and Penalties, OSLTF",70,On-budget,0,0,0,0,0,0,0,0,0,0,0,0,0,0,0,0,0,0,0,0,0,0,0,0,0,0,0,0,0,159,1982,1916,4428,6518,10000,8000,6000,7000,6000,33000,4000,8000,44000,5000,18000,7000,7000,22000,15000,19000,28000,53000,403000,304000,288000,157000,157000,203000,19000,19000
937,Misc. Governmental Receipts,0,Misc. Governmental Receipts,24,Department of Homeland Security,0,Department of Homeland Security,878910,"Proceeds of the Sales of Unclaimed Abandoned, Seized Goods",70,On-budget,0,0,0,0,0,0,0,0,0,0,0,0,0,0,0,0,0,0,0,0,0,0,0,6772,6521,2898,16217,6214,26052,6746,16760,6526,7288,4277,4000,3000,7000,5000,4000,6000,7000,7000,5000,8000,8000,6000,4000,4000,4000,3000,2000,3000,2000,3000,4000,4000,4000,5000,5000,5000
937,Misc. Governmental Receipts,0,Misc. Governmental Receipts,25,Department of Housing and Urban Development,0,Department of Housing and Urban Development,527010,Interstate Land Sales Fund,86,On-budget,0,0,0,0,0,0,0,0,0,0,0,0,0,0,0,0,0,0,0,0,0,0,0,217,574,554,576,535,510,451,350,394,391,349,0,0,0,0,0,0,0,0,0,0,1000,1000,1000,1000,0,0,0,0,0,0,0,0,0,0,0,0
937,Misc. Governmental Receipts,0,Misc. Governmental Receipts,25,Department of Housing and Urban Development,0,Department of Housing and Urban Development,527110,Mobile home inspection and monitoring,86,On-budget,0,0,0,0,0,0,0,0,0,0,0,0,0,0,0,0,0,0,0,0,0,0,0,5950,5335,5275,5504,5040,6522,6463,6553,6936,8895,10766,12000,13000,14000,14000,15000,11000,2000,0,0,0,0,0,0,0,0,0,0,0,0,0,0,0,0,0,0,0
937,Misc. Governmental Receipts,0,Misc. Governmental Receipts,25,Department of Housing and Urban Development,0,Department of Housing and Urban Development,548610,"Miscellaneous Fees and Charges, Consolidated Fee Fund",86,On-budget,0,0,0,0,0,0,0,0,0,0,0,0,0,0,0,0,0,0,0,0,0,0,0,0,0,0,0,0,0,0,0,0,0,0,0,0,0,0,0,16000,0,0,0,0,0,0,0,0,0,0,0,0,0,0,0,0,0,0,0,0
937,Misc. Governmental Receipts,0,Misc. Governmental Receipts,154,Federal Drug Control Programs,0,Federal Drug Control Programs,500110,Forfeited Cash and Proceeds from Sale of Forfeited Property Special Forfeiture Fund,11,On-budget,0,0,0,0,0,0,0,0,0,0,0,0,0,0,0,0,0,0,0,0,0,0,0,0,0,0,0,0,0,0,0,0,0,30000,4000,23000,-23000,0,0,0,0,0,0,0,0,0,0,0,0,0,0,0,0,0,0,0,0,0,0,0
937,Misc. Governmental Receipts,0,Misc. Governmental Receipts,200,Other Defense Civil Programs,20,Armed Forces Retirement Home,852230,"Fines and Forfeitures, Armed Forces Retirement Home",84,On-budget,0,0,0,0,0,0,0,0,0,0,0,0,0,0,0,0,0,0,0,0,0,0,0,29151,30598,30128,25931,25264,28258,22434,19578,19876,18768,23361,14000,13000,13000,15000,16000,20000,16000,24000,21000,21000,28000,24000,24000,23000,23000,0,37000,35000,30000,28000,29000,29000,29000,29000,29000,29000
937,Misc. Governmental Receipts,0,Misc. Governmental Receipts,202,Corps of Engineers--Civil Works,0,Corps of Engineers--Civil Works,506610,"Hydraulic mining in California, tax, debris reservoirs",96,On-budget,0,0,0,0,0,0,0,0,0,0,0,0,0,0,0,0,0,0,0,0,0,0,0,48,48,48,48,48,48,48,48,48,48,66,0,0,0,0,0,0,0,0,0,0,0,0,0,0,0,0,0,0,0,0,0,0,0,0,0,0
937,Misc. Governmental Receipts,0,Misc. Governmental Receipts,202,Corps of Engineers--Civil Works,0,Corps of Engineers--Civil Works,512500,"Licenses under Federal Power Act, Improvements of Navigable Waters, Maintenance and Operation of Dams, Etc.",96,On-budget,0,0,0,0,0,0,0,0,0,0,0,0,0,0,0,0,0,0,0,0,0,0,0,3226,5731,10202,7183,6876,4567,7638,6210,6313,5326,12093,7000,7000,8000,11000,7000,7000,6000,6000,7000,7000,5000,8000,13000,8000,7000,4000,9000,8000,8000,8000,8000,8000,8000,8000,8000,8000
937,Misc. Governmental Receipts,0,Misc. Governmental Receipts,202,Corps of Engineers--Civil Works,0,Corps of Engineers--Civil Works,886130,"Users Fees, Inland Waterways Trust Fund",20,On-budget,0,0,0,0,0,0,0,0,0,0,0,0,0,0,0,0,0,0,0,0,0,0,0,0,0,0,0,0,0,0,0,0,0,0,0,0,0,0,0,0,0,0,0,0,0,0,0,0,0,0,0,0,0,0,0,110000,110000,110000,110000,110000
937,Misc. Governmental Receipts,0,Misc. Governmental Receipts,345,United States Court of Appeals for Veterans Claims,0,United States Court of Appeals for Veterans Claims,511310,"Practice registration fees, Court of Veterans Appeals",95,On-budget,0,0,0,0,0,0,0,0,0,0,0,0,0,0,0,0,0,0,0,0,0,0,0,0,0,0,0,0,0,5,9,8,7,4,0,0,0,0,0,0,0,0,0,0,0,0,0,0,0,0,0,0,0,0,0,0,0,0,0,0
937,Misc. Governmental Receipts,0,Misc. Governmental Receipts,349,District of Columbia,10,District of Columbia Courts,86300,District of Columbia Court Fees,20,On-budget,0,0,0,0,0,0,0,0,0,0,0,0,0,0,0,0,0,0,0,0,0,0,0,0,0,0,0,0,0,0,0,0,0,0,0,0,0,3000,13000,0,0,2000,0,0,0,0,0,0,0,0,0,0,0,0,0,0,0,0,0,0
937,Misc. Governmental Receipts,0,Misc. Governmental Receipts,349,District of Columbia,10,District of Columbia Courts,567610,"Fines and Fees, District of Columbia Crime Victims Compensation Fund",95,On-budget,0,0,0,0,0,0,0,0,0,0,0,0,0,0,0,0,0,0,0,0,0,0,0,0,0,0,0,0,0,0,0,0,0,0,0,0,0,0,0,0,0,0,0,0,0,0,0,0,0,0,0,0,0,0,6000,6000,6000,6000,6000,6000
937,Misc. Governmental Receipts,0,Misc. Governmental Receipts,356,Federal Communications Commission,0,Federal Communications Commission,518310,Universal Service Fund,27,On-budget,0,0,0,0,0,0,0,0,0,0,0,0,0,0,0,0,0,0,0,0,0,0,0,42000,108000,169000,253000,349000,499000,648000,769000,826000,866000,890000,917000,944000,1035000,2759000,3752000,4547000,5290000,5420000,5713000,6550000,7242000,7616000,7513000,8405000,8317000,8964000,8722000,10014000,9809000,9769000,9621000,9726000,9793000,9873000,9957000,10049000
937,Misc. Governmental Receipts,0,Misc. Governmental Receipts,357,Federal Deposit Insurance Corporation,0,"Federal Deposit Insurance Corporation, activities",558610,"Risk-Based Assessments, Orderly Liquidation Fund",51,On-budget,0,0,0,0,0,0,0,0,0,0,0,0,0,0,0,0,0,0,0,0,0,0,0,0,0,0,0,0,0,0,0,0,0,0,0,0,0,0,0,0,0,0,0,0,0,0,0,0,0,0,0,0,0,0,10000,189000,600000,1251000,2146000,3289000
937,Misc. Governmental Receipts,0,Misc. Governmental Receipts,362,Federal Financial Institutions Examination Council,0,Federal Financial Institutions Examination Council,502600,"Registry Fees, Appraisal Subcommittee, Federal Institution Examination Council",95,On-budget,0,0,0,0,0,0,0,0,0,0,0,0,0,0,0,0,0,0,0,0,0,0,0,0,0,0,0,0,0,0,0,0,0,4249,4000,2000,2000,3000,2000,2000,2000,2000,2000,3000,3000,3000,3000,3000,3000,3000,3000,3000,2000,3000,4000,4000,4000,4000,4000,4000
937,Misc. Governmental Receipts,0,Misc. Governmental Receipts,362,Federal Financial Institutions Examination Council,0,Federal Financial Institutions Examination Council,502630,Incremental Registry Fees (Dodd-Frank Act) Appraisal Subcommittee,95,On-budget,0,0,0,0,0,0,0,0,0,0,0,0,0,0,0,0,0,0,0,0,0,0,0,0,0,0,0,0,0,0,0,0,0,0,0,0,0,0,0,0,0,0,0,0,0,0,0,0,0,0,0,0,2000,2000,2000,2000,2000,2000,2000,2000
937,Misc. Governmental Receipts,0,Misc. Governmental Receipts,449,Securities and Exchange Commission,0,Securities and Exchange Commission,556610,"Registration Fees, Securities and Exchange Commission Reserve Fund",50,On-budget,0,0,0,0,0,0,0,0,0,0,0,0,0,0,0,0,0,0,0,0,0,0,0,0,0,0,0,0,0,0,0,0,0,0,0,0,0,0,0,0,0,0,0,0,0,0,0,0,0,0,0,50000,50000,50000,50000,50000,50000,50000,50000,50000
937,Misc. Governmental Receipts,0,Misc. Governmental Receipts,449,Securities and Exchange Commission,0,Securities and Exchange Commission,556710,"Monetary Sanctions, Investor Protection Fund",50,On-budget,0,0,0,0,0,0,0,0,0,0,0,0,0,0,0,0,0,0,0,0,0,0,0,0,0,0,0,0,0,0,0,0,0,0,0,0,0,0,0,0,0,0,0,0,0,0,0,0,0,452000,0,0,0,0,0,0,0,4000,28000,28000
937,Misc. Governmental Receipts,0,Misc. Governmental Receipts,465,Christopher Columbus Fellowship Foundation,0,Christopher Columbus Fellowship Foundation,818710,"Christopher columbus scholarship fund, surcharges from sale of CC coins",76,On-budget,0,0,0,0,0,0,0,0,0,0,0,0,0,0,0,0,0,0,0,0,0,0,0,0,0,0,0,0,0,0,0,0,7603,10,0,0,0,0,0,0,0,0,0,0,0,0,0,0,0,0,0,0,0,0,0,0,0,0,0,0
937,Misc. Governmental Receipts,0,Misc. Governmental Receipts,476,United Mine Workers of America Benefit Funds,0,United Mine Workers of America Benefit Funds,829510,"Premiums, Combined Fund and 1992 Plan, UMWA",95,On-budget,0,0,0,0,0,0,0,0,0,0,0,0,0,0,0,0,0,0,0,0,0,0,0,0,0,0,0,0,0,0,0,0,91091,215960,266000,304000,339000,340000,148000,155000,150000,124000,190000,127000,125000,119000,44000,76000,69000,42000,38000,35000,33000,21000,23000,24000,22000,21000,18000,17000
937,Misc. Governmental Receipts,0,Misc. Governmental Receipts,476,United Mine Workers of America Benefit Funds,0,United Mine Workers of America Benefit Funds,829520,"Transfers from UMWA Pension Plan, Combined Benefit Fund, UMWA",95,On-budget,0,0,0,0,0,0,0,0,0,0,0,0,0,0,0,0,0,0,0,0,0,0,0,0,0,0,0,0,0,0,0,0,70000,70000,70000,0,0,0,0,0,0,0,0,0,0,0,0,0,0,0,0,0,0,0,0,0,0,0,0,0
937,Misc. Governmental Receipts,0,Misc. Governmental Receipts,526,Public Company Accounting Oversight Board,0,Public Company Accounting Oversight Board,537610,"Accounting Support Fees, Public Company Accounting Oversight Board",95,On-budget,0,0,0,0,0,0,0,0,0,0,0,0,0,0,0,0,0,0,0,0,0,0,0,0,0,0,0,0,0,0,0,0,0,0,0,0,0,0,0,0,0,0,35000,119000,129000,131000,122000,134000,157000,178000,202000,215000,234000,252000,251000,260000,269000,278000,288000,298000
937,Misc. Governmental Receipts,0,Misc. Governmental Receipts,526,Public Company Accounting Oversight Board,0,Public Company Accounting Oversight Board,537630,"Registration Fees, Public Company Accounting Oversight Board",95,On-budget,0,0,0,0,0,0,0,0,0,0,0,0,0,0,0,0,0,0,0,0,0,0,0,0,0,0,0,0,0,0,0,0,0,0,0,0,0,0,0,0,0,0,2000,0,1000,0,0,0,0,0,0,0,0,0,0,0,0,0,0,0
937,Misc. Governmental Receipts,0,Misc. Governmental Receipts,527,Standard Setting Body,0,Standard Setting Body,537710,"Accounting Support Fees, Standard Setting Body",95,On-budget,0,0,0,0,0,0,0,0,0,0,0,0,0,0,0,0,0,0,0,0,0,0,0,0,0,0,0,0,0,0,0,0,0,0,0,0,0,0,0,0,0,0,7000,38000,20000,22000,22000,24000,29000,34000,30000,39000,26000,39000,41000,42000,44000,45000,47000,48000
937,Misc. Governmental Receipts,0,Misc. Governmental Receipts,530,Affordable Housing Program,0,Affordable Housing Program,552810,"Contributions, Federal Home Loan Banks, Affordable Housing Program",95,On-budget,0,0,0,0,0,0,0,0,0,0,0,0,0,0,0,0,0,0,0,0,0,0,0,0,0,0,0,0,0,125063,51972,48804,69583,93643,102000,115000,131000,157000,191000,239000,232000,222000,190000,207000,232000,307000,315000,354000,152000,216000,198000,286000,287000,288000,288000,288000,288000,288000,288000,288000
937,Misc. Governmental Receipts,0,Misc. Governmental Receipts,531,Electric Reliability Organization,0,Electric Reliability Organization,552210,"Fees, Electric Reliability Organization",95,On-budget,0,0,0,0,0,0,0,0,0,0,0,0,0,0,0,0,0,0,0,0,0,0,0,0,0,0,0,0,0,0,0,0,0,0,0,0,0,0,0,0,0,0,0,0,0,0,65000,100000,100000,100000,100000,100000,100000,100000,100000,100000,100000,100000,100000,100000
937,Misc. Governmental Receipts,0,Misc. Governmental Receipts,537,Federal Housing Finance Agency,0,Federal Housing Finance Agency,553210,"FHFA, Fees on GSEs for Administrative Expenses",95,On-budget,0,0,0,0,0,0,0,0,0,0,0,0,0,0,0,0,0,0,0,0,0,0,0,0,0,0,0,0,0,0,0,0,0,0,0,0,0,0,0,0,0,0,0,0,0,0,0,0,151000,108000,201000,224000,225000,235000,248000,260000,268000,276000,285000,293000
937,Misc. Governmental Receipts,0,Misc. Governmental Receipts,576,Securities Investor Protection Corporation,0,Securities Investor Protection Corporation,560010,"Assessments, SIPC",95,On-budget,0,0,0,0,0,0,0,0,0,0,0,0,0,0,0,0,0,0,0,0,0,0,0,0,0,0,0,0,0,0,0,0,0,0,0,0,0,0,0,0,0,0,0,0,0,0,0,0,130000,410000,400000,396000,411000,416000,416000,416000,217000,33000,33000,33000
937,Misc. Governmental Receipts,0,Misc. Governmental Receipts,580,Corporation for Travel Promotion,0,Corporation for Travel Promotion,558510,"Fees, Travel Promotion Fund",95,On-budget,0,0,0,0,0,0,0,0,0,0,0,0,0,0,0,0,0,0,0,0,0,0,0,0,0,0,0,0,0,0,0,0,0,0,0,0,0,0,0,0,0,0,0,0,0,0,0,0,0,0,116000,120000,127000,133000,100000,100000,100000,100000,100000,100000
937,Misc. Governmental Receipts,0,Misc. Governmental Receipts,581,Bureau of Consumer Financial Protection,0,Bureau of Consumer Financial Protection,557710,"Transfers from the Federal Reserve Board, Bureau of Consumer Financial Protection Fund",95,On-budget,0,0,0,0,0,0,0,0,0,0,0,0,0,0,0,0,0,0,0,0,0,0,0,0,0,0,0,0,0,0,0,0,0,0,0,0,0,0,0,0,0,0,0,0,0,0,0,0,0,18000,162000,343000,518000,534000,582000,606000,632000,653000,672000,686000
937,Misc. Governmental Receipts,0,Misc. Governmental Receipts,581,Bureau of Consumer Financial Protection,0,Bureau of Consumer Financial Protection,557810,"Penalties and Fines, Consumer Financial Protection",95,On-budget,0,0,0,0,0,0,0,0,0,0,0,0,0,0,0,0,0,0,0,0,0,0,0,0,0,0,0,0,0,0,0,0,0,0,0,0,0,0,0,0,0,0,0,0,0,0,0,0,0,0,0,32000,50000,78000,23000,0,0,0,0,0
937,Misc. Governmental Receipts,0,Misc. Governmental Receipts,901,Governmental Receipts,0,Governmental Receipts,65000,"Deposit of earnings, Federal Reserve System",20,On-budget,718350,828486,946512,1372043,1712842,1805377,2090948,2661524,3265900,3532969,3252197,3495069,4845423,5776550,5450824,1500459,5908214,6641092,8326930,11767143,12833713,15185696,14492350,0,0,0,0,0,0,0,0,0,0,0,0,0,0,0,0,0,0,0,0,0,0,0,0,0,0,0,0,0,0,0,0,0,0,0,0,0
937,Misc. Governmental Receipts,0,Misc. Governmental Receipts,901,Governmental Receipts,0,Governmental Receipts,69001,Other Federal fund miscellaneous receipts,99,On-budget,71061,178525,117071,166833,133924,273478,356887,231599,141558,304927,357858,401516,487368,895060,2542687,103612,580753,739616,882127,927016,880489,875744,998871,0,0,0,0,0,0,0,0,0,0,0,0,0,0,0,0,0,0,0,0,0,0,0,0,0,0,0,0,0,0,0,0,0,0,0,0,0
937,Misc. Governmental Receipts,0,Misc. Governmental Receipts,901,Governmental Receipts,0,Governmental Receipts,69002,Trust fund miscellaneous receipts,99,On-budget,53635,15550,21529,55600,28600,28900,43600,15000,16655,20321,22533,23976,35820,39719,32894,7767,41779,38815,42736,53611,75371,99737,109449,0,0,0,0,0,0,0,0,0,0,0,0,0,0,0,0,0,0,0,0,0,0,0,0,0,0,0,0,0,0,0,0,0,0,0,0,0
938,Legislative Proposals,0,Legislative Proposals,901,Governmental Receipts,0,Governmental Receipts,901710,Immigration reform,99,On-budget,0,0,0,0,0,0,0,0,0,0,0,0,0,0,0,0,0,0,0,0,0,0,0,0,0,0,0,0,0,0,0,0,0,0,0,0,0,0,0,0,0,0,0,0,0,0,0,0,0,0,0,0,0,0,0,2000000,12000000,28000000,39000000,45000000
